/*
SQLyog Professional v12.09 (64 bit)
MySQL - 8.0.34 : Database - blog
*********************************************************************
*/

/*!40101 SET NAMES utf8 */;

/*!40101 SET SQL_MODE=''*/;

/*!40014 SET @OLD_UNIQUE_CHECKS=@@UNIQUE_CHECKS, UNIQUE_CHECKS=0 */;
/*!40014 SET @OLD_FOREIGN_KEY_CHECKS=@@FOREIGN_KEY_CHECKS, FOREIGN_KEY_CHECKS=0 */;
/*!40101 SET @OLD_SQL_MODE=@@SQL_MODE, SQL_MODE='NO_AUTO_VALUE_ON_ZERO' */;
/*!40111 SET @OLD_SQL_NOTES=@@SQL_NOTES, SQL_NOTES=0 */;
CREATE DATABASE /*!32312 IF NOT EXISTS*/`blog` /*!40100 DEFAULT CHARACTER SET utf8mb3 */ /*!80016 DEFAULT ENCRYPTION='N' */;

USE `blog`;

/*Table structure for table `cms_blog` */

DROP TABLE IF EXISTS `cms_blog`;

CREATE TABLE `cms_blog` (
  `id` bigint NOT NULL AUTO_INCREMENT COMMENT 'ID',
  `create_by` varchar(64) CHARACTER SET utf8mb4 COLLATE utf8mb4_general_ci DEFAULT '' COMMENT '创建者',
  `create_time` datetime DEFAULT NULL COMMENT '创建时间',
  `update_by` varchar(64) CHARACTER SET utf8mb4 COLLATE utf8mb4_general_ci DEFAULT '' COMMENT '更新者',
  `update_time` datetime DEFAULT NULL COMMENT '更新时间',
  `title` varchar(50) CHARACTER SET utf8mb4 COLLATE utf8mb4_general_ci NOT NULL COMMENT '标题',
  `type` char(1) CHARACTER SET utf8mb4 COLLATE utf8mb4_general_ci NOT NULL COMMENT '类型',
  `content_type` char(1) CHARACTER SET utf8mb4 COLLATE utf8mb4_general_ci NOT NULL COMMENT '文本编辑器类型',
  `content` longblob COMMENT '内容',
  `content_markdown` longblob COMMENT 'Markdown格式内容',
  `Top` char(1) CHARACTER SET utf8mb4 COLLATE utf8mb4_general_ci DEFAULT '0' COMMENT '置顶（0否 1是）',
  `views` int DEFAULT '0' COMMENT '阅读',
  `status` char(1) CHARACTER SET utf8mb4 COLLATE utf8mb4_general_ci DEFAULT '0' COMMENT '状态（0暂存 1发布）',
  `blog_pic_type` char(1) CHARACTER SET utf8mb4 COLLATE utf8mb4_general_ci DEFAULT '0' COMMENT '首页图片类型（0地址 1上传）',
  `blog_pic` varchar(100) CHARACTER SET utf8mb4 COLLATE utf8mb4_general_ci DEFAULT '' COMMENT '首页图片（ 1上传）',
  `blog_pic_link` varchar(100) CHARACTER SET utf8mb4 COLLATE utf8mb4_general_ci DEFAULT '' COMMENT '首页图片（ 0地址）',
  `blog_desc` varchar(100) CHARACTER SET utf8mb4 COLLATE utf8mb4_general_ci DEFAULT '' COMMENT '简介',
  `blog_files` text CHARACTER SET utf8mb4 COLLATE utf8mb4_general_ci COMMENT '附件列表',
  PRIMARY KEY (`id`) USING BTREE
) ENGINE=InnoDB AUTO_INCREMENT=27 DEFAULT CHARSET=utf8mb4 COLLATE=utf8mb4_general_ci ROW_FORMAT=DYNAMIC COMMENT='博客信息表';

/*Data for the table `cms_blog` */

insert  into `cms_blog`(`id`,`create_by`,`create_time`,`update_by`,`update_time`,`title`,`type`,`content_type`,`content`,`content_markdown`,`Top`,`views`,`status`,`blog_pic_type`,`blog_pic`,`blog_pic_link`,`blog_desc`,`blog_files`) values (7,'admin','2022-01-02 12:25:26','admin','2024-06-30 22:48:46','太平天国运动','1','1','<p>	<span style=\"color: rgb(51, 51, 51);\">第一次鸦片战争后，清朝国内阶级矛盾空前激化，农民起义风起云涌。1851年，</span>	<a href=\"https://baike.baidu.com/item/%E6%B4%AA%E7%A7%80%E5%85%A8/233873?fromModule=lemma_inlink\" rel=\"noopener noreferrer\" target=\"_blank\" style=\"color: rgb(19, 110, 194);\">洪秀全</a>	<span style=\"color: rgb(51, 51, 51);\">发动</span>	<a href=\"https://baike.baidu.com/item/%E9%87%91%E7%94%B0%E8%B5%B7%E4%B9%89/1003573?fromModule=lemma_inlink\" rel=\"noopener noreferrer\" target=\"_blank\" style=\"color: rgb(19, 110, 194);\">金田起义</a>	<span style=\"color: rgb(51, 51, 51);\">，建立了</span>	<a href=\"https://baike.baidu.com/item/%E5%A4%AA%E5%B9%B3%E5%A4%A9%E5%9B%BD/61829?fromModule=lemma_inlink\" rel=\"noopener noreferrer\" target=\"_blank\" style=\"color: rgb(19, 110, 194);\">太平天国</a>	<span style=\"color: rgb(51, 51, 51);\">政权；1853年，太平天国定都</span>	<a href=\"https://baike.baidu.com/item/%E5%A4%A9%E4%BA%AC/3135781?fromModule=lemma_inlink\" rel=\"noopener noreferrer\" target=\"_blank\" style=\"color: rgb(19, 110, 194);\">天京</a>	<span style=\"color: rgb(51, 51, 51);\">（今南京），颁布《</span>	<a href=\"https://baike.baidu.com/item/%E5%A4%A9%E6%9C%9D%E7%94%B0%E4%BA%A9%E5%88%B6%E5%BA%A6/788967?fromModule=lemma_inlink\" rel=\"noopener noreferrer\" target=\"_blank\" style=\"color: rgb(19, 110, 194);\">天朝田亩制度</a>	<span style=\"color: rgb(51, 51, 51);\">》；1856年，太平天国军事上达到了全盛时期，沉重地打击了清王朝的封建主义统治；但是，领导集团内部的矛盾激化，引发了</span>	<a href=\"https://baike.baidu.com/item/%E5%A4%A9%E4%BA%AC%E4%BA%8B%E5%8F%98/2522795?fromModule=lemma_inlink\" rel=\"noopener noreferrer\" target=\"_blank\" style=\"color: rgb(19, 110, 194);\">天京事变</a>	<span style=\"color: rgb(51, 51, 51);\">，使太平天国元气大伤。太平天国后期，</span>	<a href=\"https://baike.baidu.com/item/%E6%B4%AA%E4%BB%81%E7%8E%95/6733987?fromModule=lemma_inlink\" rel=\"noopener noreferrer\" target=\"_blank\" style=\"color: rgb(19, 110, 194);\">洪仁玕</a>	<span style=\"color: rgb(51, 51, 51);\">等一些领导人实行了一些政治改革，提出了具有发展资本主义主张的政治纲领，并有意识地向西方学习，探索中国独立、富强的途径。1864年，</span>	<a href=\"https://baike.baidu.com/item/%E5%A4%AA%E5%B9%B3%E5%A4%A9%E5%9B%BD%E8%BF%90%E5%8A%A8/472841?fromModule=lemma_inlink\" rel=\"noopener noreferrer\" target=\"_blank\" style=\"color: rgb(19, 110, 194);\">太平天国运动</a>	<span style=\"color: rgb(51, 51, 51);\">在中外势力的联合绞杀下失败。太平天国运动是中国农民战争的高峰，对中国近代社会的发展进程产生过重大的影响。</span>	<span style=\"color: rgb(51, 102, 204);\">&nbsp;</span></p>',NULL,'1',93,'1','1','/profile/upload/2023/10/13/a5751a7e-b235-4ebe-8093-59d2aa2c86f7.jpg','','','[]'),(10,'admin','2022-01-03 02:59:22','admin','2024-06-30 19:29:00','第一次国共合作和北伐战争','1','1','<p>	1923年的“<a href=\"https://baike.baidu.com/item/%E4%BA%8C%E4%B8%83%E6%83%A8%E6%A1%88/515690?fromModule=lemma_inlink\" rel=\"noopener noreferrer\" target=\"_blank\" style=\"color: rgb(19, 110, 194);\">二七惨案</a>”，使中国共产党认识到，仅仅依靠工人阶级的力量是不够的，只有团结一切可以团结的力量，才可能把中国革命引向胜利。为此，中国共产党决定同孙中山领导的国民党合作，建立革命统一战线。1924年1月，中国国民党在广州举行第一次全国代表大会。<a href=\"https://baike.baidu.com/item/%E5%9B%BD%E6%B0%91%E5%85%9A%E2%80%9C%E4%B8%80%E5%A4%A7%E2%80%9D/10390068?fromModule=lemma_inlink\" rel=\"noopener noreferrer\" target=\"_blank\" style=\"color: rgb(19, 110, 194);\">国民党“一大”</a>的召开标志着国共两党合作的实现和革命统一战线的正式建立。在中国共产党和苏联的帮助下，国民党在广州黄埔建立了陆军军官学校（<a href=\"https://baike.baidu.com/item/%E9%BB%84%E5%9F%94%E5%86%9B%E6%A0%A1/287972?fromModule=lemma_inlink\" rel=\"noopener noreferrer\" target=\"_blank\" style=\"color: rgb(19, 110, 194);\">黄埔军校</a>），为建立国民革命军奠定了基础。</p><p>	国民党“一大”后，全国反帝反封建的国民大革命运动迅速开展起来。各地工人纷纷罢工，掀起反帝爱国运动的高潮，其中影响最大的是<a href=\"https://baike.baidu.com/item/%E4%BA%94%E5%8D%85%E8%BF%90%E5%8A%A8/291952?fromModule=lemma_inlink\" rel=\"noopener noreferrer\" target=\"_blank\" style=\"color: rgb(19, 110, 194);\">五卅运动</a>和<a href=\"https://baike.baidu.com/item/%E7%9C%81%E6%B8%AF%E5%A4%A7%E7%BD%A2%E5%B7%A5/3632812?fromModule=lemma_inlink\" rel=\"noopener noreferrer\" target=\"_blank\" style=\"color: rgb(19, 110, 194);\">省港大罢工</a>；广东、湖南等省的农民运动逐渐发展起来，广东革命政府还创办了培养农民运动骨干的讲习所（<a href=\"https://baike.baidu.com/item/%E5%B9%BF%E5%B7%9E%E5%86%9C%E6%B0%91%E8%BF%90%E5%8A%A8%E8%AE%B2%E4%B9%A0%E6%89%80/4484119?fromModule=lemma_inlink\" rel=\"noopener noreferrer\" target=\"_blank\" style=\"color: rgb(19, 110, 194);\">广州农民运动讲习所</a>）；1925年2月，广东革命政府组织武装力量，对军阀<a href=\"https://baike.baidu.com/item/%E9%99%88%E7%82%AF%E6%98%8E/645847?fromModule=lemma_inlink\" rel=\"noopener noreferrer\" target=\"_blank\" style=\"color: rgb(19, 110, 194);\">陈炯明</a>进行<a href=\"https://baike.baidu.com/item/%E7%AC%AC%E4%B8%80%E6%AC%A1%E4%B8%9C%E5%BE%81/4480264?fromModule=lemma_inlink\" rel=\"noopener noreferrer\" target=\"_blank\" style=\"color: rgb(19, 110, 194);\">第一次东征</a>，并取得胜利。7月，<a href=\"https://baike.baidu.com/item/%E5%9B%BD%E6%B0%91%E6%94%BF%E5%BA%9C/424137?fromModule=lemma_inlink\" rel=\"noopener noreferrer\" target=\"_blank\" style=\"color: rgb(19, 110, 194);\">国民政府</a>在广州成立，并将所属军队编为<a href=\"https://baike.baidu.com/item/%E5%9B%BD%E6%B0%91%E9%9D%A9%E5%91%BD%E5%86%9B/604285?fromModule=lemma_inlink\" rel=\"noopener noreferrer\" target=\"_blank\" style=\"color: rgb(19, 110, 194);\">国民革命军</a>。10月，国民革命军对陈炯明残部进行<a href=\"https://baike.baidu.com/item/%E7%AC%AC%E4%BA%8C%E6%AC%A1%E4%B8%9C%E5%BE%81/3727060?fromModule=lemma_inlink\" rel=\"noopener noreferrer\" target=\"_blank\" style=\"color: rgb(19, 110, 194);\">第二次东征</a>。经过两次东征，广东革命根据地得到了巩固和统一，为国民革命军进行北伐奠定了基础。</p><p>	为了打倒帝国主义，推翻军阀统治，统一中国，1926年7月初，国民政府誓师北伐。北伐军胜利进军，不到半年便打到长江流域。<a href=\"https://baike.baidu.com/item/%E5%8C%97%E4%BC%90%E6%88%98%E4%BA%89/281719?fromModule=lemma_inlink\" rel=\"noopener noreferrer\" target=\"_blank\" style=\"color: rgb(19, 110, 194);\">北伐战争</a>得到了工农运动的大力支援；北伐战争的胜利又推动了工农运动的高涨。1926年10月至1927年3月间，上海工人发动了三次武装起义，并取得了胜利。</p><p>	1925年3月孙中山逝世后，<a href=\"https://baike.baidu.com/item/%E5%9B%BD%E6%B0%91%E5%85%9A%E5%8F%B3%E6%B4%BE/2498495?fromModule=lemma_inlink\" rel=\"noopener noreferrer\" target=\"_blank\" style=\"color: rgb(19, 110, 194);\">国民党右派</a>加紧争夺革命领导权。1927年4月，蒋介石在上海发动了<a href=\"https://baike.baidu.com/item/%E5%9B%9B%E4%B8%80%E4%BA%8C%E5%8F%8D%E9%9D%A9%E5%91%BD%E6%94%BF%E5%8F%98/3726155?fromModule=lemma_inlink\" rel=\"noopener noreferrer\" target=\"_blank\" style=\"color: rgb(19, 110, 194);\">四一二反革命政变</a>；7月，<a href=\"https://baike.baidu.com/item/%E6%B1%AA%E7%B2%BE%E5%8D%AB/739510?fromModule=lemma_inlink\" rel=\"noopener noreferrer\" target=\"_blank\" style=\"color: rgb(19, 110, 194);\">汪精卫</a>在武汉发动<a href=\"https://baike.baidu.com/item/%E4%B8%83%E4%B8%80%E4%BA%94%E5%8F%8D%E9%9D%A9%E5%91%BD%E6%94%BF%E5%8F%98/4484749?fromModule=lemma_inlink\" rel=\"noopener noreferrer\" target=\"_blank\" style=\"color: rgb(19, 110, 194);\">七一五反革命政变</a>，<a href=\"https://baike.baidu.com/item/%E7%AC%AC%E4%B8%80%E6%AC%A1%E5%9B%BD%E5%85%B1%E5%90%88%E4%BD%9C/3584656?fromModule=lemma_inlink\" rel=\"noopener noreferrer\" target=\"_blank\" style=\"color: rgb(19, 110, 194);\">第一次国共合作</a>破裂。这期间，以<a href=\"https://baike.baidu.com/item/%E9%99%88%E7%8B%AC%E7%A7%80/114833?fromModule=lemma_inlink\" rel=\"noopener noreferrer\" target=\"_blank\" style=\"color: rgb(19, 110, 194);\">陈独秀</a>为代表的中共中央犯了<a href=\"https://baike.baidu.com/item/%E5%8F%B3%E5%80%BE%E6%8A%95%E9%99%8D%E4%B8%BB%E4%B9%89/8890098?fromModule=lemma_inlink\" rel=\"noopener noreferrer\" target=\"_blank\" style=\"color: rgb(19, 110, 194);\">右倾投降主义</a>错误。国民革命失败。<span style=\"color: rgb(51, 102, 204);\">&nbsp;[1]</span></p>',NULL,'0',4,'1','1','/profile/upload/2023/10/13/99ec1648-e2cd-4a32-b241-e59c4c5a27ce.png','','',NULL),(13,'admin','2022-01-03 21:37:57','admin','2024-06-30 15:20:56','五四运动和中国共产党的创立','1','1','<p>	随着中国资本主义经济的进一步发展，资产阶级强烈要求在中国实行资产阶级的民主政治，反对封建军阀统治，<a href=\"https://baike.baidu.com/item/%E6%96%B0%E6%96%87%E5%8C%96%E8%BF%90%E5%8A%A8/527309?fromModule=lemma_inlink\" rel=\"noopener noreferrer\" target=\"_blank\" style=\"color: rgb(19, 110, 194);\">新文化运动</a>应运而生。1915年，<a href=\"https://baike.baidu.com/item/%E9%99%88%E7%8B%AC%E7%A7%80/114833?fromModule=lemma_inlink\" rel=\"noopener noreferrer\" target=\"_blank\" style=\"color: rgb(19, 110, 194);\">陈独秀</a>在上海创办《<a href=\"https://baike.baidu.com/item/%E6%96%B0%E9%9D%92%E5%B9%B4/25994?fromModule=lemma_inlink\" rel=\"noopener noreferrer\" target=\"_blank\" style=\"color: rgb(19, 110, 194);\">新青年</a>》，成为新文化运动兴起的标志。“民主”和“科学”是新文化运动提出的口号。新文化运动在社会上掀起了一股思想解放的潮流。俄国<a href=\"https://baike.baidu.com/item/%E5%8D%81%E6%9C%88%E7%A4%BE%E4%BC%9A%E4%B8%BB%E4%B9%89%E9%9D%A9%E5%91%BD/903932?fromModule=lemma_inlink\" rel=\"noopener noreferrer\" target=\"_blank\" style=\"color: rgb(19, 110, 194);\">十月社会主义革命</a>胜利后，<a href=\"https://baike.baidu.com/item/%E6%9D%8E%E5%A4%A7%E9%92%8A/115618?fromModule=lemma_inlink\" rel=\"noopener noreferrer\" target=\"_blank\" style=\"color: rgb(19, 110, 194);\">李大钊</a>热情宣传十月革命，在中国第一次举起了社会主义的大旗，从而使新文化运动有了新的发展。</p><p>	<a href=\"https://baike.baidu.com/item/%E5%B7%B4%E9%BB%8E%E5%92%8C%E4%BC%9A/280824?fromModule=lemma_inlink\" rel=\"noopener noreferrer\" target=\"_blank\" style=\"color: rgb(19, 110, 194);\">巴黎和会</a>拒绝了中国代表的正义要求，把战败国德国在中国山东的权益转让给日本，激起中国人民强烈义愤。1919年，<a href=\"https://baike.baidu.com/item/%E4%BA%94%E5%9B%9B%E8%BF%90%E5%8A%A8/291670?fromModule=lemma_inlink\" rel=\"noopener noreferrer\" target=\"_blank\" style=\"color: rgb(19, 110, 194);\">五四运动</a>在北京爆发。6月初，运动发展成以工人阶级为主力的全国规模的群众爱国运动，并取得了初步胜利。五四运动具有重大的历史意义，是中国<a href=\"https://baike.baidu.com/item/%E6%96%B0%E6%B0%91%E4%B8%BB%E4%B8%BB%E4%B9%89%E9%9D%A9%E5%91%BD/605010?fromModule=lemma_inlink\" rel=\"noopener noreferrer\" target=\"_blank\" style=\"color: rgb(19, 110, 194);\">新民主主义革命</a>的开端。</p><p>	五四运动后，<a href=\"https://baike.baidu.com/item/%E9%A9%AC%E5%85%8B%E6%80%9D%E4%B8%BB%E4%B9%89/239051?fromModule=lemma_inlink\" rel=\"noopener noreferrer\" target=\"_blank\" style=\"color: rgb(19, 110, 194);\">马克思主义</a>在中国传播开来，成为新思潮的主流。一批先进分子把马克思主义同中国工人运动初步结合起来。1920年，<a href=\"https://baike.baidu.com/item/%E5%85%B1%E4%BA%A7%E4%B8%BB%E4%B9%89%E5%B0%8F%E7%BB%84/1812717?fromModule=lemma_inlink\" rel=\"noopener noreferrer\" target=\"_blank\" style=\"color: rgb(19, 110, 194);\">共产主义小组</a>在各地相继建立，1921年，<a href=\"https://baike.baidu.com/item/%E4%B8%AD%E5%85%B1%E4%B8%80%E5%A4%A7/3583034?fromModule=lemma_inlink\" rel=\"noopener noreferrer\" target=\"_blank\" style=\"color: rgb(19, 110, 194);\">中共一大</a>召开，中国共产党诞生了。1922年，<a href=\"https://baike.baidu.com/item/%E4%B8%AD%E5%85%B1%E4%BA%8C%E5%A4%A7/3583086?fromModule=lemma_inlink\" rel=\"noopener noreferrer\" target=\"_blank\" style=\"color: rgb(19, 110, 194);\">中共二大</a>制定了民主革命纲领，为中国革命指明了方向。</p><p>	在中国共产党的领导下，从1922年1月<a href=\"https://baike.baidu.com/item/%E9%A6%99%E6%B8%AF%E6%B5%B7%E5%91%98%E7%BD%A2%E5%B7%A5/4549550?fromModule=lemma_inlink\" rel=\"noopener noreferrer\" target=\"_blank\" style=\"color: rgb(19, 110, 194);\">香港海员罢工</a>到1923年2月<a href=\"https://baike.baidu.com/item/%E4%BA%AC%E6%B1%89%E9%93%81%E8%B7%AF%E5%B7%A5%E4%BA%BA%E7%BD%A2%E5%B7%A5/12575408?fromModule=lemma_inlink\" rel=\"noopener noreferrer\" target=\"_blank\" style=\"color: rgb(19, 110, 194);\">京汉铁路工人罢工</a>，中国工人运动出现了第一次高潮。</p>',NULL,'0',5,'1','1','/profile/upload/2023/10/13/555eee4a-7030-426d-940a-4aa6c06abe51.png','','',NULL),(14,'若依','2022-01-04 14:31:31','admin','2024-06-30 15:20:44','中华民国初期北洋军阀的统治','1','1','<p>	1912年3月，<a href=\"https://baike.baidu.com/item/%E8%A2%81%E4%B8%96%E5%87%AF/225928?fromModule=lemma_inlink\" rel=\"noopener noreferrer\" target=\"_blank\" style=\"color: rgb(19, 110, 194);\">袁世凯</a>篡夺了辛亥革命的果实，就任中华民国临时大总统，临时政府迁往北京，以袁世凯为首的<a href=\"https://baike.baidu.com/item/%E5%8C%97%E6%B4%8B%E5%86%9B%E9%98%80/366336?fromModule=lemma_inlink\" rel=\"noopener noreferrer\" target=\"_blank\" style=\"color: rgb(19, 110, 194);\">北洋军阀</a>政权建立起来。袁世凯对内镇压<a href=\"https://baike.baidu.com/item/%E5%9B%BD%E6%B0%91%E5%85%9A/226551?fromModule=lemma_inlink\" rel=\"noopener noreferrer\" target=\"_blank\" style=\"color: rgb(19, 110, 194);\">国民党</a>，对外出卖国家主权。孙中山号召武力讨袁，“<a href=\"https://baike.baidu.com/item/%E4%BA%8C%E6%AC%A1%E9%9D%A9%E5%91%BD/424567?fromModule=lemma_inlink\" rel=\"noopener noreferrer\" target=\"_blank\" style=\"color: rgb(19, 110, 194);\">二次革命</a>”发生。由于国民党力量涣散，“二次革命”很快失败。袁世凯镇压“二次革命”后，开始<a href=\"https://baike.baidu.com/item/%E5%A4%8D%E8%BE%9F%E5%B8%9D%E5%88%B6/10950996?fromModule=lemma_inlink\" rel=\"noopener noreferrer\" target=\"_blank\" style=\"color: rgb(19, 110, 194);\">复辟帝制</a>的活动。1915年底，<a href=\"https://baike.baidu.com/item/%E6%8A%A4%E5%9B%BD%E8%BF%90%E5%8A%A8/1434088?fromModule=lemma_inlink\" rel=\"noopener noreferrer\" target=\"_blank\" style=\"color: rgb(19, 110, 194);\">护国运动</a>爆发。袁世凯被迫取消帝制，不久即死去。</p><p>	袁世凯死后，中国出现了军阀割据的局面。1917年7月，军阀<a href=\"https://baike.baidu.com/item/%E5%BC%A0%E5%8B%8B/2300?fromModule=lemma_inlink\" rel=\"noopener noreferrer\" target=\"_blank\" style=\"color: rgb(19, 110, 194);\">张勋</a>以调停“<a href=\"https://baike.baidu.com/item/%E5%BA%9C%E9%99%A2%E4%B9%8B%E4%BA%89/1719822?fromModule=lemma_inlink\" rel=\"noopener noreferrer\" target=\"_blank\" style=\"color: rgb(19, 110, 194);\">府院之争</a>”为名，进北京拥戴<a href=\"https://baike.baidu.com/item/%E6%BA%A5%E4%BB%AA/373386?fromModule=lemma_inlink\" rel=\"noopener noreferrer\" target=\"_blank\" style=\"color: rgb(19, 110, 194);\">溥仪</a>复辟，但复辟丑剧只持续了短短的12天。<a href=\"https://baike.baidu.com/item/%E6%AE%B5%E7%A5%BA%E7%91%9E/424769?fromModule=lemma_inlink\" rel=\"noopener noreferrer\" target=\"_blank\" style=\"color: rgb(19, 110, 194);\">段祺瑞</a>再次执政后, 拒绝恢复《临时约法》和召集国会。为维护共和制度，孙中山倡导了<a href=\"https://baike.baidu.com/item/%E6%8A%A4%E6%B3%95%E8%BF%90%E5%8A%A8/4484972?fromModule=lemma_inlink\" rel=\"noopener noreferrer\" target=\"_blank\" style=\"color: rgb(19, 110, 194);\">护法运动</a>，但不久也失败了。</p><p>	<a href=\"https://baike.baidu.com/item/%E7%AC%AC%E4%B8%80%E6%AC%A1%E4%B8%96%E7%95%8C%E5%A4%A7%E6%88%98/68516?fromModule=lemma_inlink\" rel=\"noopener noreferrer\" target=\"_blank\" style=\"color: rgb(19, 110, 194);\">第一次世界大战</a>期间，帝国主义忙于战争，暂时放松了对中国的经济侵略，中国的民族工业得到了短暂的发展</p>',NULL,'0',12,'1','1','/profile/upload/2023/10/13/5bd70aba-6df9-4187-98fc-389dcb54ad54.png','','',NULL),(16,'admin','2022-01-05 09:44:53','admin','2024-06-30 15:20:46','辛亥革命和清朝的灭亡','1','1','<p> 		1894年，<a href=\"https://baike.baidu.com/item/%E5%AD%99%E4%B8%AD%E5%B1%B1/128084?fromModule=lemma_inlink\" rel=\"noopener noreferrer\" target=\"_blank\" style=\"color: rgb(19, 110, 194);\">孙中山</a>创立了中国资产阶级第一个革命团体<a href=\"https://baike.baidu.com/item/%E5%85%B4%E4%B8%AD%E4%BC%9A/1046040?fromModule=lemma_inlink\" rel=\"noopener noreferrer\" target=\"_blank\" style=\"color: rgb(19, 110, 194);\">兴中会</a>。20世纪初，出现了<a href=\"https://baike.baidu.com/item/%E7%AB%A0%E7%82%B3%E9%BA%9F/1180332?fromModule=lemma_inlink\" rel=\"noopener noreferrer\" target=\"_blank\" style=\"color: rgb(19, 110, 194);\">章炳麟</a>、<a href=\"https://baike.baidu.com/item/%E9%82%B9%E5%AE%B9/10193?fromModule=lemma_inlink\" rel=\"noopener noreferrer\" target=\"_blank\" style=\"color: rgb(19, 110, 194);\">邹容</a>、<a href=\"https://baike.baidu.com/item/%E9%99%88%E5%A4%A9%E5%8D%8E/13810?fromModule=lemma_inlink\" rel=\"noopener noreferrer\" target=\"_blank\" style=\"color: rgb(19, 110, 194);\">陈天华</a>等著名民主革命思想家和宣传家，资产阶级民主革命思想得到广泛传播，资产阶级革命团体也相继建立起来。1905年<a href=\"https://baike.baidu.com/item/%E4%B8%AD%E5%9B%BD%E5%90%8C%E7%9B%9F%E4%BC%9A/3672038?fromModule=lemma_inlink\" rel=\"noopener noreferrer\" target=\"_blank\" style=\"color: rgb(19, 110, 194);\">中国同盟会</a>成立，标志着中国的资产阶级民主革命进入了一个新的阶段。<a href=\"https://baike.baidu.com/item/%E9%9D%A9%E5%91%BD%E6%B4%BE/6354905?fromModule=lemma_inlink\" rel=\"noopener noreferrer\" target=\"_blank\" style=\"color: rgb(19, 110, 194);\">革命派</a>通过与<a href=\"https://baike.baidu.com/item/%E4%BF%9D%E7%9A%87%E6%B4%BE/10085411?fromModule=lemma_inlink\" rel=\"noopener noreferrer\" target=\"_blank\" style=\"color: rgb(19, 110, 194);\">保皇派</a>的论战，使民主革命思想得到进一步传播，有力地推动了民主革命高潮的到来。</p><p>	同盟会成立后，革命党人发动了<a href=\"https://baike.baidu.com/item/%E8%90%8D%E6%B5%8F%E9%86%B4%E8%B5%B7%E4%B9%89/4154376?fromModule=lemma_inlink\" rel=\"noopener noreferrer\" target=\"_blank\" style=\"color: rgb(19, 110, 194);\">萍浏醴起义</a>、广州<a href=\"https://baike.baidu.com/item/%E9%BB%84%E8%8A%B1%E5%B2%97%E8%B5%B7%E4%B9%89/287758?fromModule=lemma_inlink\" rel=\"noopener noreferrer\" target=\"_blank\" style=\"color: rgb(19, 110, 194);\">黄花岗起义</a>等一系列起义，四川发生了<a href=\"https://baike.baidu.com/item/%E4%BF%9D%E8%B7%AF%E8%BF%90%E5%8A%A8/603759?fromModule=lemma_inlink\" rel=\"noopener noreferrer\" target=\"_blank\" style=\"color: rgb(19, 110, 194);\">保路运动</a>。1911年10月<a href=\"https://baike.baidu.com/item/%E6%AD%A6%E6%98%8C%E8%B5%B7%E4%B9%89/544385?fromModule=lemma_inlink\" rel=\"noopener noreferrer\" target=\"_blank\" style=\"color: rgb(19, 110, 194);\">武昌起义</a>成功。1912年元旦，孙中山在南京就任临时大总统，宣告<a href=\"https://baike.baidu.com/item/%E4%B8%AD%E5%8D%8E%E6%B0%91%E5%9B%BD/424683?fromModule=lemma_inlink\" rel=\"noopener noreferrer\" target=\"_blank\" style=\"color: rgb(19, 110, 194);\">中华民国</a>成立，接着颁布了《<a href=\"https://baike.baidu.com/item/%E4%B8%AD%E5%8D%8E%E6%B0%91%E5%9B%BD%E4%B8%B4%E6%97%B6%E7%BA%A6%E6%B3%95/2045411?fromModule=lemma_inlink\" rel=\"noopener noreferrer\" target=\"_blank\" style=\"color: rgb(19, 110, 194);\">中华民国临时约法</a>》。<a href=\"https://baike.baidu.com/item/%E8%BE%9B%E4%BA%A5%E9%9D%A9%E5%91%BD/5560?fromModule=lemma_inlink\" rel=\"noopener noreferrer\" target=\"_blank\" style=\"color: rgb(19, 110, 194);\">辛亥革命</a>既有伟大的历史功绩，也留下了深刻的教训。辛亥革命是中国近代历史上的一次反帝反封建的资产阶级民主革命。它推翻了在中国存在了两千多年的封建专制主义的君主制度，建立了资产阶级民主共和国，颁布了反映资产阶级民主主义精神的临时约法。使人民获得了一些自由和民主的权利，在政治上和思想上获得一定的解放，使民主共和国的观念深入人心。辛亥革命也打击了帝国主义列强在中国的殖民统治，为中国民族资本主义的发展创造了有利条件。然而，由于中国资产阶级的软弱性和局限性，他们不愿意同帝国主义完全决裂，也不能发动和依靠广大人民群众进行彻底的社会革命，摧毁封建势力。因此，辛亥革命没有完成反帝反封建的历史任务，没有根本改变中国半殖民地半封建社会的性质。</p>',NULL,'0',150,'1','1','/profile/upload/2023/10/13/552af646-ce12-4bfa-beda-f3ca975e6246.png','','',NULL),(19,'admin','2022-01-12 17:40:54','admin','2024-06-30 15:23:26','鸦片战争','1','1','<p>	<a href=\"https://baike.baidu.com/item/%E9%B8%A6%E7%89%87%E6%88%98%E4%BA%89/29632?fromModule=lemma_inlink\" rel=\"noopener noreferrer\" target=\"_blank\" style=\"color: rgb(19, 110, 194);\">鸦片战争</a>前，中国是一个独立自主的封建国家。由于当时中国的<a href=\"https://baike.baidu.com/item/%E8%87%AA%E7%84%B6%E7%BB%8F%E6%B5%8E/751695?fromModule=lemma_inlink\" rel=\"noopener noreferrer\" target=\"_blank\" style=\"color: rgb(19, 110, 194);\">自然经济</a>占统治地位，在中英贸易中，中国处于<a href=\"https://baike.baidu.com/item/%E5%87%BA%E8%B6%85/788072?fromModule=lemma_inlink\" rel=\"noopener noreferrer\" target=\"_blank\" style=\"color: rgb(19, 110, 194);\">出超</a>地位。为了改变贸易入超的状况，英国不法商人向中国走私<a href=\"https://baike.baidu.com/item/%E9%B8%A6%E7%89%87/249904?fromModule=lemma_inlink\" rel=\"noopener noreferrer\" target=\"_blank\" style=\"color: rgb(19, 110, 194);\">鸦片</a>。鸦片的输入给中国社会带来了深重灾难。禁烟成为全社会共同的呼声。林则徐在广东领导的<a href=\"https://baike.baidu.com/item/%E7%A6%81%E7%83%9F%E8%BF%90%E5%8A%A8/12607624?fromModule=lemma_inlink\" rel=\"noopener noreferrer\" target=\"_blank\" style=\"color: rgb(19, 110, 194);\">禁烟运动</a>，给英国侵略者以沉重打击。1840年，英国发动了侵略中国的鸦片战争。战争中，广大爱国官兵和三元里人民进行了英勇战斗。但由于清政府奉行妥协方针，战争失败。1842年，英国强迫清政府签订中英《<a href=\"https://baike.baidu.com/item/%E5%8D%97%E4%BA%AC%E6%9D%A1%E7%BA%A6/359269?fromModule=lemma_inlink\" rel=\"noopener noreferrer\" target=\"_blank\" style=\"color: rgb(19, 110, 194);\">南京条约</a>》，中国的主权独立和领土完整开始遭到破坏，从此，中国门户洞开，开始从封建社会逐步沦为半殖民地半封建社会。这一时期，一些爱国的知识分子开始觉醒，他们把目光投向国门之外，开始了“<a href=\"https://baike.baidu.com/item/%E5%B8%88%E5%A4%B7%E9%95%BF%E6%8A%80/6998169?fromModule=lemma_inlink\" rel=\"noopener noreferrer\" target=\"_blank\" style=\"color: rgb(19, 110, 194);\">师夷长技</a>”的探索。</p><p>	1856—1860年间，英、法为了扩大侵略权益，对中国挑起了<a href=\"https://baike.baidu.com/item/%E7%AC%AC%E4%BA%8C%E6%AC%A1%E9%B8%A6%E7%89%87%E6%88%98%E4%BA%89/282781?fromModule=lemma_inlink\" rel=\"noopener noreferrer\" target=\"_blank\" style=\"color: rgb(19, 110, 194);\">第二次鸦片战争</a>。美、俄趁火打劫。四国分别强迫清政府签订了《<a href=\"https://baike.baidu.com/item/%E5%A4%A9%E6%B4%A5%E6%9D%A1%E7%BA%A6/2031083?fromModule=lemma_inlink\" rel=\"noopener noreferrer\" target=\"_blank\" style=\"color: rgb(19, 110, 194);\">天津条约</a>》《<a href=\"https://baike.baidu.com/item/%E5%8C%97%E4%BA%AC%E6%9D%A1%E7%BA%A6/756170?fromModule=lemma_inlink\" rel=\"noopener noreferrer\" target=\"_blank\" style=\"color: rgb(19, 110, 194);\">北京条约</a>》等，使中国丧失了更多的领土和主权，列强侵略势力扩大到沿海各省和长江中下游地区，中国社会的半殖民地化程度进一步加深。<span style=\"color: rgb(51, 102, 204);\">&nbsp;</span></p>',NULL,'0',215,'1','1','/profile/upload/2023/10/13/39a0fe2a-8959-403f-8bf8-10e1602ea393.png','','',NULL),(22,'admin','2022-06-13 09:13:50','admin','2024-06-30 15:22:42','戊戌变法和义和团运动','1','1','<p>	中日甲午战争后，由于民族危机空前严重和中国民族资本主义的初步发展，民族资产阶级开始作为新的政治力量登上历史舞台。以<a href=\"https://baike.baidu.com/item/%E5%BA%B7%E6%9C%89%E4%B8%BA/113297?fromModule=lemma_inlink\" rel=\"noopener noreferrer\" target=\"_blank\" style=\"color: rgb(19, 110, 194);\">康有为</a>、<a href=\"https://baike.baidu.com/item/%E6%A2%81%E5%90%AF%E8%B6%85/119077?fromModule=lemma_inlink\" rel=\"noopener noreferrer\" target=\"_blank\" style=\"color: rgb(19, 110, 194);\">梁启超</a>为首的资产阶级<a href=\"https://baike.baidu.com/item/%E7%BB%B4%E6%96%B0%E6%B4%BE/10841975?fromModule=lemma_inlink\" rel=\"noopener noreferrer\" target=\"_blank\" style=\"color: rgb(19, 110, 194);\">维新派</a>为了挽救民族危亡和发展资本主义，掀起<a href=\"https://baike.baidu.com/item/%E7%BB%B4%E6%96%B0%E5%8F%98%E6%B3%95/740781?fromModule=lemma_inlink\" rel=\"noopener noreferrer\" target=\"_blank\" style=\"color: rgb(19, 110, 194);\">维新变法</a>运动。以<a href=\"https://baike.baidu.com/item/%E6%85%88%E7%A6%A7%E5%A4%AA%E5%90%8E/114363?fromModule=lemma_inlink\" rel=\"noopener noreferrer\" target=\"_blank\" style=\"color: rgb(19, 110, 194);\">慈禧太后</a>等为代表的封建顽固守旧势力发动政变，使维新变法归于失败。这场资产阶级性质的改良运动，在社会上起到了思想启蒙的作用，有利于资产阶级思想文化的传播。同时，它的失败也说明，资产阶级改良道路在中国行不通。</p><p>	<a href=\"https://baike.baidu.com/item/%E4%B9%89%E5%92%8C%E5%9B%A2%E8%BF%90%E5%8A%A8/300320?fromModule=lemma_inlink\" rel=\"noopener noreferrer\" target=\"_blank\" style=\"color: rgb(19, 110, 194);\">义和团运动</a>是一场反帝爱国运动。这一运动粉碎了帝国主义列强瓜分中国的狂妄计划，沉重打击了清政府的反动统治，加速了它的灭亡。1900年夏，英、俄、日、法、德、美、意、奥<a href=\"https://baike.baidu.com/item/%E5%85%AB%E5%9B%BD%E8%81%94%E5%86%9B/84401?fromModule=lemma_inlink\" rel=\"noopener noreferrer\" target=\"_blank\" style=\"color: rgb(19, 110, 194);\">八国联军</a>侵略中国。1901年，清政府被迫同八国及比利时、荷兰、西班牙等11国签订了丧权辱国的《<a href=\"https://baike.baidu.com/item/%E8%BE%9B%E4%B8%91%E6%9D%A1%E7%BA%A6/599439?fromModule=lemma_inlink\" rel=\"noopener noreferrer\" target=\"_blank\" style=\"color: rgb(19, 110, 194);\">辛丑条约</a>》，标志着中国半殖民地半封建社会的形成。</p>','1.汤底\n清汤，芫茜皮蛋，沙爹锅，猪骨煲，鲜鱼汤，蕃茄薯仔，药膳鱼头锅，清汤腩煲，冬荫功，香草龙虾汤，健康生果汤，胡椒什菌锅，面豉汤，花雕醉鸡锅，鲜人参杞子鸡锅，四川麻辣锅，川味牛柳汤，香浓港式咖喱锅，咸菜胡椒粉肠肚汤\n2.牛类\n本地肥牛，金钱牛展，牛脷，清汤腩，鲜滑牛肉，鲜黑牛柏叶，雪白牛柏叶，牛骨髓，有料牛肉卷，露笋牛肉卷，松板霜降和牛，神户牛肉\n3.肉类\n极黑豚猪腩肉，肉眼根，猪下青，猪腩肉片，鲜鸡，醉鸡，鸡软骨，鲜鸡子，鲜鹅肠，羊仔肉，猪腰，猪润，天梯，王喉，猪皮，猪红，滑鸡肉，羊仔肉，猪大肠，驼鸟肉，鲜田鸡，鲜猪粉肠\n4.刺身\n苏格兰蛏子皇，龙虾，青边鲍鱼，黑边鲍鱼，牡丹虾\n5.极品海鲜类\n东星斑，花尾疐，大花虾，大花蟹，鲍鱼，滋阴水鱼，极级日本原只皇帝蟹\n6.海鲜类原条生猛海斑，龙虾仔，向螺片，阿拉斯加蟹脚，加拿大筒蚝，流浮山生蚝，纽西兰翡翠螺，纽西兰半壳青口，花蟹，生海虾，养颜花胶，鲜带子，桂花蚌，珊瑚蚌，脆肉鲩鱼，鲩鱼腩，鲩鱼鳔，鱼头，大生鱼片，鳝片，原只日本鲜鱿鱼，花枝片，水尤鱼，乾吊片，鲜尤鱼片\n7.丸子类\n芝士鸡肉丸，酱爆鹅肝丸，麻辣鲜牛丸，金华火腿包心丸，手工水晶虾丸，水晶龙虾丸，手打鲜墨鱼丸，粗牛根丸，手打鲜牛丸，手打鲜肉丸，手打鲜鸡丸，手打鲜鲮鱼丸，潮洲鱼旦\n8.其他\n金菇，山根，潮洲炸鱼皮，鱼片头，潮洲鱼饺，蟹肉鲜肉饺，菜肉饺，云吞，韭菜饺，鲜虾酿冬菇，鲜炸鱼腐，鲜鱼酿豆卜，鲮鱼滑，墨鱼滑，大闸蟹粉鲜肉饺，日本滑豆腐，日本芝麻豆腐，日本高野豆腐，竹笙，生根，枝竹，鲜腐竹\n9.鲜菌类\n什菌，鲜冬菇，金菇菜，百灵菇，鸡脾菇，秀珍菇，黑木耳，鲍鱼菇\n10.时蔬类\n菠菜，蕃薯苗，菜心，芥兰，小棠菜，唐生菜，西洋菜，油蜜菜，白菜仔，唐莴，大豆芽，苋菜，潺菜，津白，粟米，冬瓜，蕃茄，莲藕片，萝卜，鲜淮山，鲜露笋，鲜马蹄肉\n11.粉面类\n日本稻庭乌冬，日本手打乌冬，日本绿茶面，日本梅花面，昭和播州乔麦面，全蛋生面，虾子面，新竹米粉，濶条粉丝','0',100,'1','1','/profile/upload/2023/10/13/5894e503-03a4-4f51-bd84-a08b2168eba8.png','','',NULL),(23,'yuanren','2024-04-11 18:11:06','admin','2024-06-30 15:20:51','清朝后期资本主义的产生和民族危机的加深','1','1','<p>	19世纪60年代，清朝统治阶级内部出现了<a href=\"https://baike.baidu.com/item/%E6%B4%8B%E5%8A%A1%E6%B4%BE/2757554?fromModule=lemma_inlink\" rel=\"noopener noreferrer\" target=\"_blank\" style=\"color: rgb(19, 110, 194);\">洋务派</a>。从60年代到90年代，他们掀起了一场“师夷长技以自强”的洋务运动。洋务运动没有使中国走上富强的道路，但在客观上刺激了中国资本主义的发展，促进了中国近代化的历程。</p><p>	19世纪六七十年代，中国社会出现了资本主义的生产方式，中国<a href=\"https://baike.baidu.com/item/%E6%B0%91%E6%97%8F%E8%B5%84%E4%BA%A7%E9%98%B6%E7%BA%A7/1601991?fromModule=lemma_inlink\" rel=\"noopener noreferrer\" target=\"_blank\" style=\"color: rgb(19, 110, 194);\">民族资产阶级</a>产生了。中国民族资产阶级对外国资本主义侵略和本国封建主义压迫既有革命性的一面，又有妥协性的一面。中国<a href=\"https://baike.baidu.com/item/%E6%97%A0%E4%BA%A7%E9%98%B6%E7%BA%A7/555390?fromModule=lemma_inlink\" rel=\"noopener noreferrer\" target=\"_blank\" style=\"color: rgb(19, 110, 194);\">无产阶级</a>产生于40年代，早于民族资产阶级，是中国新生产力的代表者，具有最坚决、最彻底的革命性。</p><p>	19世纪末，随着世界资本主义向<a href=\"https://baike.baidu.com/item/%E5%B8%9D%E5%9B%BD%E4%B8%BB%E4%B9%89/1106449?fromModule=lemma_inlink\" rel=\"noopener noreferrer\" target=\"_blank\" style=\"color: rgb(19, 110, 194);\">帝国主义</a>过渡，帝国主义国家更加紧了对中国的侵略。1883年和1894年，先后爆发了<a href=\"https://baike.baidu.com/item/%E4%B8%AD%E6%B3%95%E6%88%98%E4%BA%89/455973?fromModule=lemma_inlink\" rel=\"noopener noreferrer\" target=\"_blank\" style=\"color: rgb(19, 110, 194);\">中法战争</a>和<a href=\"https://baike.baidu.com/item/%E4%B8%AD%E6%97%A5%E7%94%B2%E5%8D%88%E6%88%98%E4%BA%89/461750?fromModule=lemma_inlink\" rel=\"noopener noreferrer\" target=\"_blank\" style=\"color: rgb(19, 110, 194);\">中日甲午战争</a>。《<a href=\"https://baike.baidu.com/item/%E4%B8%AD%E6%B3%95%E6%96%B0%E7%BA%A6/2268052?fromModule=lemma_inlink\" rel=\"noopener noreferrer\" target=\"_blank\" style=\"color: rgb(19, 110, 194);\">中法新约</a>》的签订，使法国进一步打开了中国西南的门户；中日《<a href=\"https://baike.baidu.com/item/%E9%A9%AC%E5%85%B3%E6%9D%A1%E7%BA%A6/958565?fromModule=lemma_inlink\" rel=\"noopener noreferrer\" target=\"_blank\" style=\"color: rgb(19, 110, 194);\">马关条约</a>》的签订，更加严重地损害了中国的领土完整，加重了人民的负担，阻碍了中国的近代化发展，大大加深了中国社会的半殖民地化。</p><p>	《马关条约》签订后，帝国主义列强在中国展开了资本输出的激烈竞争，还在中国强占“<a href=\"https://baike.baidu.com/item/%E7%A7%9F%E5%80%9F%E5%9C%B0/789600?fromModule=lemma_inlink\" rel=\"noopener noreferrer\" target=\"_blank\" style=\"color: rgb(19, 110, 194);\">租借地</a>”，划分“<a href=\"https://baike.baidu.com/item/%E5%8A%BF%E5%8A%9B%E8%8C%83%E5%9B%B4/789755?fromModule=lemma_inlink\" rel=\"noopener noreferrer\" target=\"_blank\" style=\"color: rgb(19, 110, 194);\">势力范围</a>”，掀起瓜分中国的狂潮，中国民族危机空前加深。</p>',NULL,'0',2,'1','0','','','',NULL),(24,'admin','2024-06-30 15:18:47','','2024-06-30 15:20:59','国共十年对峙','1','1','<p>	“四一二”反革命政变后，蒋介石在南京建立国民政府。1928年，国民政府举行“北伐”，占领北京，奉系军阀<a href=\"https://baike.baidu.com/item/%E5%BC%A0%E4%BD%9C%E9%9C%96/136370?fromModule=lemma_inlink\" rel=\"noopener noreferrer\" target=\"_blank\" style=\"color: rgb(19, 110, 194);\">张作霖</a>退到关外，在<a href=\"https://baike.baidu.com/item/%E7%9A%87%E5%A7%91%E5%B1%AF/4145917?fromModule=lemma_inlink\" rel=\"noopener noreferrer\" target=\"_blank\" style=\"color: rgb(19, 110, 194);\">皇姑屯</a>被日本<a href=\"https://baike.baidu.com/item/%E5%85%B3%E4%B8%9C%E5%86%9B/9847?fromModule=lemma_inlink\" rel=\"noopener noreferrer\" target=\"_blank\" style=\"color: rgb(19, 110, 194);\">关东军</a>阴谋炸死。年底，<a href=\"https://baike.baidu.com/item/%E5%BC%A0%E5%AD%A6%E8%89%AF/385?fromModule=lemma_inlink\" rel=\"noopener noreferrer\" target=\"_blank\" style=\"color: rgb(19, 110, 194);\">张学良</a>宣布“<a href=\"https://baike.baidu.com/item/%E4%B8%9C%E5%8C%97%E6%98%93%E5%B8%9C/283511?fromModule=lemma_inlink\" rel=\"noopener noreferrer\" target=\"_blank\" style=\"color: rgb(19, 110, 194);\">东北易帜</a>”，服从国民政府。国民政府形式上统一了全国。但国民党新军阀间连年混战给人民带来极大灾难。在国民政府统治下，“<a href=\"https://baike.baidu.com/item/%E5%9B%9B%E5%A4%A7%E5%AE%B6%E6%97%8F/861?fromModule=lemma_inlink\" rel=\"noopener noreferrer\" target=\"_blank\" style=\"color: rgb(19, 110, 194);\">四大家族</a>”凭借国家政权迅速聚敛巨额财富，成为中国官僚买办资产阶级的代表。</p><p>	中国共产党人没有被国民党反动派的屠杀吓倒，1927年召开<a href=\"https://baike.baidu.com/item/%E2%80%9C%E5%85%AB%E4%B8%83%E2%80%9D%E4%BC%9A%E8%AE%AE/6434658?fromModule=lemma_inlink\" rel=\"noopener noreferrer\" target=\"_blank\" style=\"color: rgb(19, 110, 194);\">“八七”会议</a>，纠正了右倾投降主义错误，发动了<a href=\"https://baike.baidu.com/item/%E5%8D%97%E6%98%8C%E8%B5%B7%E4%B9%89/292100?fromModule=lemma_inlink\" rel=\"noopener noreferrer\" target=\"_blank\" style=\"color: rgb(19, 110, 194);\">南昌起义</a>、<a href=\"https://baike.baidu.com/item/%E7%A7%8B%E6%94%B6%E8%B5%B7%E4%B9%89/3177?fromModule=lemma_inlink\" rel=\"noopener noreferrer\" target=\"_blank\" style=\"color: rgb(19, 110, 194);\">秋收起义</a>和<a href=\"https://baike.baidu.com/item/%E5%B9%BF%E5%B7%9E%E8%B5%B7%E4%B9%89/3679182?fromModule=lemma_inlink\" rel=\"noopener noreferrer\" target=\"_blank\" style=\"color: rgb(19, 110, 194);\">广州起义</a>，创建<a href=\"https://baike.baidu.com/item/%E7%BA%A2%E5%86%9B/458275?fromModule=lemma_inlink\" rel=\"noopener noreferrer\" target=\"_blank\" style=\"color: rgb(19, 110, 194);\">红军</a>，开辟农村根据地，进行<a href=\"https://baike.baidu.com/item/%E5%9C%9F%E5%9C%B0%E9%9D%A9%E5%91%BD/657415?fromModule=lemma_inlink\" rel=\"noopener noreferrer\" target=\"_blank\" style=\"color: rgb(19, 110, 194);\">土地革命</a>，建立中华苏维埃政权，开辟了一条农村包围城市、武装夺取政权的道路。从1930年12月开始，至1933年4月，蒋介石对革命根据地先后发动了四次“围剿”。工农红军英勇奋战，打退了敌人的进攻，取得了四次反“围剿”的胜利。</p><p>	1933年秋，蒋介石对革命根据地发动第五次“围剿”。由于王明“左”倾冒险主义错误的影响，红军第五次反“围剿”失利，被迫长征。中国共产党在长征路上举行的<a href=\"https://baike.baidu.com/item/%E9%81%B5%E4%B9%89%E4%BC%9A%E8%AE%AE/64086?fromModule=lemma_inlink\" rel=\"noopener noreferrer\" target=\"_blank\" style=\"color: rgb(19, 110, 194);\">遵义会议</a>，在极其危急关头挽救了党、红军和中国革命。红军在毛泽东的指挥下，克服千难万险，取得了长征的胜利。</p><p>	1936年12月12日，<a href=\"https://baike.baidu.com/item/%E8%A5%BF%E5%AE%89%E4%BA%8B%E5%8F%98/29897?fromModule=lemma_inlink\" rel=\"noopener noreferrer\" target=\"_blank\" style=\"color: rgb(19, 110, 194);\">西安事变</a>爆发。<a href=\"https://baike.baidu.com/item/%E4%B8%AD%E5%9B%BD%E5%85%B1%E4%BA%A7%E5%85%9A/117227?fromModule=lemma_inlink\" rel=\"noopener noreferrer\" target=\"_blank\" style=\"color: rgb(19, 110, 194);\">中国共产党</a>认真分析国内国际复杂的形势，确定了和平解决西安事变的方针。西安事变的和平解决，开启了国共两党第二次合作的可能，标志着抗日民族统一战线的初步形成。</p>',NULL,'0',1,'1','0','','','',NULL),(25,'admin','2024-06-30 15:19:23','','2024-06-30 15:21:01','抗日战争','1','1','<p>	1931年，日本侵略者在中国沈阳制造了震惊中外的“<a href=\"https://baike.baidu.com/item/%E4%B9%9D%E4%B8%80%E5%85%AB%E4%BA%8B%E5%8F%98/632843?fromModule=lemma_inlink\" rel=\"noopener noreferrer\" target=\"_blank\" style=\"color: rgb(19, 110, 194);\">九一八事变</a>”，挑起侵华战争。由于国民党政府和东北军政当局奉行<a href=\"https://baike.baidu.com/item/%E2%80%9C%E4%B8%8D%E6%8A%B5%E6%8A%97%E2%80%9D%E6%94%BF%E7%AD%96/2498245?fromModule=lemma_inlink\" rel=\"noopener noreferrer\" target=\"_blank\" style=\"color: rgb(19, 110, 194);\">“不抵抗”政策</a>，在不到半年的时间内，东北三省全境沦陷。此后，日本侵略者不断在中国华北、华东等地制造事端，扩张势力。在中华民族生死存亡关头，全国各界群众掀起声势浩大的抗日救亡怒潮，中国进入艰难的局部抗战时期。</p><p>	1935年，日本帝国主义为侵占中国华北而蓄意制造了一连串事件，总称“<a href=\"https://baike.baidu.com/item/%E5%8D%8E%E5%8C%97%E4%BA%8B%E5%8F%98/25695?fromModule=lemma_inlink\" rel=\"noopener noreferrer\" target=\"_blank\" style=\"color: rgb(19, 110, 194);\">华北事变</a>”。大批日本关东军入关，制造事端，挑起冲突，威逼平津。12月，中共中央在<a href=\"https://baike.baidu.com/item/%E7%93%A6%E7%AA%91%E5%A0%A1/5412430?fromModule=lemma_inlink\" rel=\"noopener noreferrer\" target=\"_blank\" style=\"color: rgb(19, 110, 194);\">瓦窑堡</a>召开政治局扩大会议，制定了抗日民族统一战线的策略方针。</p><p>	1937年7月7日，日军中国驻屯军一部制造“<a href=\"https://baike.baidu.com/item/%E5%8D%A2%E6%B2%9F%E6%A1%A5%E4%BA%8B%E5%8F%98/656267?fromModule=lemma_inlink\" rel=\"noopener noreferrer\" target=\"_blank\" style=\"color: rgb(19, 110, 194);\">卢沟桥事变</a>”，中国军队奋起还击，全国抗日战争爆发。8月13日，日军在上海制造“虹桥机场事变”，蓄意扩大侵华战争规模，国民政府被迫对日作战，<a href=\"https://baike.baidu.com/item/%E2%80%9C%E5%85%AB%E4%B8%80%E4%B8%89%E2%80%9D%E6%B7%9E%E6%B2%AA%E4%BC%9A%E6%88%98/3741104?fromModule=lemma_inlink\" rel=\"noopener noreferrer\" target=\"_blank\" style=\"color: rgb(19, 110, 194);\">“八一三”淞沪会战</a>爆发。9月下旬，国民党中央通讯社公布《<a href=\"https://baike.baidu.com/item/%E4%B8%AD%E5%85%B1%E4%B8%AD%E5%A4%AE%E4%B8%BA%E5%85%AC%E5%B8%83%E5%9B%BD%E5%85%B1%E5%90%88%E4%BD%9C%E5%AE%A3%E8%A8%80/2382837?fromModule=lemma_inlink\" rel=\"noopener noreferrer\" target=\"_blank\" style=\"color: rgb(19, 110, 194);\">中共中央为公布国共合作宣言</a>》，抗日民族统一战线正式形成，中国全民族的抗战开始。</p><p>	抗战初期，国民政府在正面战场组织多次大规模战役，抗击日本侵略者，但实行的是一条片面抗战的路线，丧失了大片国土；中国共产党实行的是全面抗战的路线，执行持久抗战的方针，<a href=\"https://baike.baidu.com/item/%E5%85%AB%E8%B7%AF%E5%86%9B/68?fromModule=lemma_inlink\" rel=\"noopener noreferrer\" target=\"_blank\" style=\"color: rgb(19, 110, 194);\">八路军</a>、<a href=\"https://baike.baidu.com/item/%E6%96%B0%E5%9B%9B%E5%86%9B/206?fromModule=lemma_inlink\" rel=\"noopener noreferrer\" target=\"_blank\" style=\"color: rgb(19, 110, 194);\">新四军</a>深入敌后，建立抗日根据地，开辟敌后战场，广泛开展游击战争，与正面战场互相配合，抗击日军侵略，为中国人民取得抗日战争的胜利，为世界人民取得反法西斯战争的最终胜利，做出了巨大的贡献。</p><p>	1938年10月，日军占领广州、武汉后，抗日战争进入相持阶段。日本帝国主义者对国民党实行政治诱降，国民党内的亲日派叛国投敌，亲英美派抗战逐渐消极，制造反共摩擦事件。对此，中国共产党给予了坚决的回击和无情的揭露。1941年12月，<a href=\"https://baike.baidu.com/item/%E5%A4%AA%E5%B9%B3%E6%B4%8B%E6%88%98%E4%BA%89/31640?fromModule=lemma_inlink\" rel=\"noopener noreferrer\" target=\"_blank\" style=\"color: rgb(19, 110, 194);\">太平洋战争</a>爆发后，中国的抗日战争成为世界反法西斯战争的重要组成部分，中国战场成为世界反法西斯战争的东方主战场。在抗日战争的艰苦岁月里，为了克服困难，争取抗战的胜利，中国共产党坚持抗战、反对投降，坚持团结、反对分裂，坚持进步、反对倒退，在政治上、经济上、思想上采取了一系列措施，终于度过了最困难时期。中国的抗战也得到了世界上热爱和平与正义人士的援助，中国人民对此也永怀感恩。</p><p>	1944年，解放区军民开始局部反攻。1945年4月，<a href=\"https://baike.baidu.com/item/%E4%B8%AD%E5%9B%BD%E5%85%B1%E4%BA%A7%E5%85%9A%E7%AC%AC%E4%B8%83%E6%AC%A1%E5%85%A8%E5%9B%BD%E4%BB%A3%E8%A1%A8%E5%A4%A7%E4%BC%9A/1010275?fromModule=lemma_inlink\" rel=\"noopener noreferrer\" target=\"_blank\" style=\"color: rgb(19, 110, 194);\">中国共产党第七次全国代表大会</a>召开。8月8日，苏联对日宣战。8月9日，毛泽东发出“<a href=\"https://baike.baidu.com/item/%E5%AF%B9%E6%97%A5%E5%AF%87%E7%9A%84%E6%9C%80%E5%90%8E%E4%B8%80%E6%88%98/4310566?fromModule=lemma_inlink\" rel=\"noopener noreferrer\" target=\"_blank\" style=\"color: rgb(19, 110, 194);\">对日寇的最后一战</a>”的号召，抗日战争进入大反攻。8月15日，日本政府宣布无条件投降。9月2日，日本代表在美军“<a href=\"https://baike.baidu.com/item/%E5%AF%86%E8%8B%8F%E9%87%8C%E5%8F%B7/3181445?fromModule=lemma_inlink\" rel=\"noopener noreferrer\" target=\"_blank\" style=\"color: rgb(19, 110, 194);\">密苏里号</a>”战列舰上签订无条件投降书。9月9日，中国战区受降仪式在南京举行。经过十四年艰苦奋战，中国人民和世界人民一道，取得了反法西斯战争的伟大胜利，取得了<a href=\"https://baike.baidu.com/item/%E6%8A%97%E6%97%A5%E6%88%98%E4%BA%89/128498?fromModule=lemma_inlink\" rel=\"noopener noreferrer\" target=\"_blank\" style=\"color: rgb(19, 110, 194);\">抗日战争</a>的伟大胜利。</p>',NULL,'0',1,'1','0','','','',NULL),(26,'admin','2024-06-30 15:20:10','','2024-06-30 15:21:05','解放战争','1','1','<p>	抗日战争胜利后，为了争取国内和平，1945年8月底，毛泽东亲赴重庆同国民党进行谈判。10月10日，国共双方代表签订了《政府与中共代表会谈纪要》，即《<a href=\"https://baike.baidu.com/item/%E5%8F%8C%E5%8D%81%E5%8D%8F%E5%AE%9A/1261372?fromModule=lemma_inlink\" rel=\"noopener noreferrer\" target=\"_blank\" style=\"color: rgb(19, 110, 194);\">双十协定</a>》。但是，在谈判期间，国民党派军队向解放区发起进攻，被解放区军民打退，国共双方代表签订停战协定。1946年1月，政治协商会议在重庆召开。</p><p>	1946年夏，国民党军队在美国支持下向解放区发动进攻，全面内战爆发。</p><p>	从1946年夏到1947年6月，人民解放军粉碎了国民党军队的全面进攻和<a href=\"https://baike.baidu.com/item/%E9%87%8D%E7%82%B9%E8%BF%9B%E6%94%BB/4224793?fromModule=lemma_inlink\" rel=\"noopener noreferrer\" target=\"_blank\" style=\"color: rgb(19, 110, 194);\">重点进攻</a>。1947年6月底，人民解放军开始了全国性的反攻。从1948年9月到1949年1月，人民解放军先后发动了<a href=\"https://baike.baidu.com/item/%E8%BE%BD%E6%B2%88%E6%88%98%E5%BD%B9/1295?fromModule=lemma_inlink\" rel=\"noopener noreferrer\" target=\"_blank\" style=\"color: rgb(19, 110, 194);\">辽沈战役</a>、<a href=\"https://baike.baidu.com/item/%E6%B7%AE%E6%B5%B7%E6%88%98%E5%BD%B9/287777?fromModule=lemma_inlink\" rel=\"noopener noreferrer\" target=\"_blank\" style=\"color: rgb(19, 110, 194);\">淮海战役</a>、<a href=\"https://baike.baidu.com/item/%E5%B9%B3%E6%B4%A5%E6%88%98%E5%BD%B9/293970?fromModule=lemma_inlink\" rel=\"noopener noreferrer\" target=\"_blank\" style=\"color: rgb(19, 110, 194);\">平津战役</a>三大战役，基本上消灭了国民党军队的主力，加速了人民解放战争在全国的胜利。1949年4月，人民解放军渡江作战，23日解放南京，推翻了国民党的统治。</p><p>	1949年1月底，北平宣布和平解放。9月，<a href=\"https://baike.baidu.com/item/%E4%B8%AD%E5%9B%BD%E4%BA%BA%E6%B0%91%E6%94%BF%E6%B2%BB%E5%8D%8F%E5%95%86%E4%BC%9A%E8%AE%AE%E7%AC%AC%E4%B8%80%E5%B1%8A%E5%85%A8%E4%BD%93%E4%BC%9A%E8%AE%AE/4416759?fromModule=lemma_inlink\" rel=\"noopener noreferrer\" target=\"_blank\" style=\"color: rgb(19, 110, 194);\">中国人民政治协商会议第一届全体会议</a>在北平召开，会议通过了《<a href=\"https://baike.baidu.com/item/%E4%B8%AD%E5%9B%BD%E4%BA%BA%E6%B0%91%E6%94%BF%E6%B2%BB%E5%8D%8F%E5%95%86%E4%BC%9A%E8%AE%AE%E5%85%B1%E5%90%8C%E7%BA%B2%E9%A2%86/7789983?fromModule=lemma_inlink\" rel=\"noopener noreferrer\" target=\"_blank\" style=\"color: rgb(19, 110, 194);\">中国人民政治协商会议共同纲领</a>》，选举<a href=\"https://baike.baidu.com/item/%E4%B8%AD%E5%8D%8E%E4%BA%BA%E6%B0%91%E5%85%B1%E5%92%8C%E5%9B%BD%E4%B8%AD%E5%A4%AE%E4%BA%BA%E6%B0%91%E6%94%BF%E5%BA%9C%E5%A7%94%E5%91%98%E4%BC%9A/7130116?fromModule=lemma_inlink\" rel=\"noopener noreferrer\" target=\"_blank\" style=\"color: rgb(19, 110, 194);\">中华人民共和国中央人民政府委员会</a>，选举毛泽东为中央人民政府主席，通过了有关国旗、国歌、纪年的决定。会议还决定将以北平为首都，改名北京。</p>',NULL,'0',1,'1','0','','','',NULL);

/*Table structure for table `cms_blog_file` */

DROP TABLE IF EXISTS `cms_blog_file`;

CREATE TABLE `cms_blog_file` (
  `file_id` bigint NOT NULL COMMENT '文件ID',
  `blog_id` bigint NOT NULL COMMENT 'blogID',
  PRIMARY KEY (`file_id`,`blog_id`) USING BTREE
) ENGINE=InnoDB DEFAULT CHARSET=utf8mb4 COLLATE=utf8mb4_general_ci ROW_FORMAT=DYNAMIC COMMENT='blog文件表';

/*Data for the table `cms_blog_file` */

insert  into `cms_blog_file`(`file_id`,`blog_id`) values (33,17),(34,17),(36,17),(37,17);

/*Table structure for table `cms_blog_tag` */

DROP TABLE IF EXISTS `cms_blog_tag`;

CREATE TABLE `cms_blog_tag` (
  `tag_id` bigint NOT NULL COMMENT '标签ID',
  `blog_id` bigint NOT NULL COMMENT 'blogID',
  PRIMARY KEY (`tag_id`,`blog_id`) USING BTREE
) ENGINE=InnoDB DEFAULT CHARSET=utf8mb4 COLLATE=utf8mb4_general_ci ROW_FORMAT=DYNAMIC COMMENT='blog标签关联表';

/*Data for the table `cms_blog_tag` */

insert  into `cms_blog_tag`(`tag_id`,`blog_id`) values (26,7),(26,10),(26,13),(26,14),(26,16),(26,19),(26,22),(26,23),(26,24),(26,25),(26,26);

/*Table structure for table `cms_blog_type` */

DROP TABLE IF EXISTS `cms_blog_type`;

CREATE TABLE `cms_blog_type` (
  `type_id` bigint NOT NULL COMMENT '类型ID',
  `blog_id` bigint NOT NULL COMMENT 'blogID',
  PRIMARY KEY (`type_id`,`blog_id`) USING BTREE
) ENGINE=InnoDB DEFAULT CHARSET=utf8mb4 COLLATE=utf8mb4_general_ci ROW_FORMAT=DYNAMIC COMMENT='blog分类关联表';

/*Data for the table `cms_blog_type` */

insert  into `cms_blog_type`(`type_id`,`blog_id`) values (14,10),(14,13),(14,24),(14,25),(14,26),(16,7),(16,14),(16,16),(16,19),(16,22),(16,23);

/*Table structure for table `cms_comment` */

DROP TABLE IF EXISTS `cms_comment`;

CREATE TABLE `cms_comment` (
  `id` bigint NOT NULL AUTO_INCREMENT COMMENT 'ID',
  `parent_id` bigint DEFAULT NULL COMMENT '父评论id',
  `main_id` bigint DEFAULT NULL COMMENT '主评论id(第一级评论)',
  `like_num` int DEFAULT NULL COMMENT '点赞数量',
  `content` varchar(255) CHARACTER SET utf8mb4 COLLATE utf8mb4_general_ci DEFAULT NULL COMMENT '内容',
  `type` char(1) CHARACTER SET utf8mb4 COLLATE utf8mb4_general_ci DEFAULT NULL COMMENT '评论类型：对人评论，对项目评论，对资源评论',
  `blog_id` bigint DEFAULT NULL COMMENT '被评论者id，可以是人、项目、资源',
  `del_flag` char(1) CHARACTER SET utf8mb4 COLLATE utf8mb4_general_ci DEFAULT '0' COMMENT '删除标志（0代表存在 1代表删除）',
  `user_id` bigint DEFAULT NULL COMMENT '评论者id',
  `create_by` varchar(64) CHARACTER SET utf8mb4 COLLATE utf8mb4_general_ci DEFAULT '' COMMENT '创建者',
  `create_time` datetime DEFAULT NULL COMMENT '创建时间',
  `update_by` varchar(64) CHARACTER SET utf8mb4 COLLATE utf8mb4_general_ci DEFAULT '' COMMENT '更新者',
  `update_time` datetime DEFAULT NULL COMMENT '更新时间',
  PRIMARY KEY (`id`) USING BTREE
) ENGINE=InnoDB AUTO_INCREMENT=11 DEFAULT CHARSET=utf8mb4 COLLATE=utf8mb4_general_ci ROW_FORMAT=DYNAMIC COMMENT='评论表';

/*Data for the table `cms_comment` */

insert  into `cms_comment`(`id`,`parent_id`,`main_id`,`like_num`,`content`,`type`,`blog_id`,`del_flag`,`user_id`,`create_by`,`create_time`,`update_by`,`update_time`) values (1,NULL,NULL,13,'v地方','0',19,'1',1,'admin','2022-01-28 17:43:08','',NULL),(2,1,1,NULL,'奥迪发','1',19,'1',1,'admin','2022-01-28 17:43:47','',NULL),(3,NULL,NULL,0,'啊吖吖','0',16,'1',1,'admin','2022-01-28 18:09:23','',NULL),(4,2,1,NULL,'测试','1',19,'1',NULL,'匿名用户','2022-06-16 15:44:28','',NULL),(5,NULL,NULL,NULL,'哈哈哈','0',19,'1',NULL,'匿名用户','2022-06-16 15:45:17','',NULL),(6,NULL,NULL,NULL,'这个博客写的真不错','0',7,'1',3,'lixinyuan','2023-10-13 08:25:45','',NULL),(7,NULL,NULL,NULL,'真好的火锅\n?','0',22,'1',1,'admin','2023-10-13 15:42:22','',NULL),(8,NULL,NULL,NULL,'1','0',7,'1',1,'admin','2024-06-30 15:24:08','',NULL),(9,NULL,NULL,NULL,'1111','0',10,'0',1,'admin','2024-06-30 18:52:13','',NULL),(10,NULL,NULL,NULL,'1','0',7,'0',NULL,'匿名用户','2024-06-30 22:12:49','',NULL);

/*Table structure for table `cms_comment_like` */

DROP TABLE IF EXISTS `cms_comment_like`;

CREATE TABLE `cms_comment_like` (
  `comment_id` bigint NOT NULL COMMENT '点赞评论ID',
  `user_id` bigint NOT NULL COMMENT '用户ID',
  `create_by` varchar(64) CHARACTER SET utf8mb4 COLLATE utf8mb4_general_ci DEFAULT '' COMMENT '创建者',
  `create_time` datetime DEFAULT NULL COMMENT '创建时间',
  `update_by` varchar(64) CHARACTER SET utf8mb4 COLLATE utf8mb4_general_ci DEFAULT '' COMMENT '更新者',
  `update_time` datetime DEFAULT NULL COMMENT '更新时间',
  PRIMARY KEY (`comment_id`,`user_id`) USING BTREE
) ENGINE=InnoDB DEFAULT CHARSET=utf8mb4 COLLATE=utf8mb4_general_ci ROW_FORMAT=DYNAMIC COMMENT='留言点赞表';

/*Data for the table `cms_comment_like` */

/*Table structure for table `cms_message` */

DROP TABLE IF EXISTS `cms_message`;

CREATE TABLE `cms_message` (
  `id` bigint NOT NULL AUTO_INCREMENT COMMENT 'ID',
  `parent_id` bigint DEFAULT NULL COMMENT '父留言id',
  `main_id` bigint DEFAULT NULL COMMENT '主留言id(第一级留言)',
  `like_num` int DEFAULT NULL COMMENT '点赞数量',
  `content` varchar(255) CHARACTER SET utf8mb4 COLLATE utf8mb4_general_ci DEFAULT NULL COMMENT '内容',
  `type` char(1) CHARACTER SET utf8mb4 COLLATE utf8mb4_general_ci DEFAULT NULL COMMENT '留言类型：对人评论，对项目评论，对资源评论（0代表留言 1代表回复）',
  `blog_id` bigint DEFAULT NULL COMMENT '被留言者id，可以是人、项目、资源',
  `del_flag` char(1) CHARACTER SET utf8mb4 COLLATE utf8mb4_general_ci DEFAULT '0' COMMENT '删除标志（0代表存在 1代表删除）',
  `user_id` bigint DEFAULT NULL COMMENT '留言者id',
  `create_by` varchar(64) CHARACTER SET utf8mb4 COLLATE utf8mb4_general_ci DEFAULT '' COMMENT '创建者',
  `create_time` datetime DEFAULT NULL COMMENT '创建时间',
  `update_by` varchar(64) CHARACTER SET utf8mb4 COLLATE utf8mb4_general_ci DEFAULT '' COMMENT '更新者',
  `update_time` datetime DEFAULT NULL COMMENT '更新时间',
  PRIMARY KEY (`id`) USING BTREE
) ENGINE=InnoDB AUTO_INCREMENT=56 DEFAULT CHARSET=utf8mb4 COLLATE=utf8mb4_general_ci ROW_FORMAT=DYNAMIC COMMENT='留言表';

/*Data for the table `cms_message` */

insert  into `cms_message`(`id`,`parent_id`,`main_id`,`like_num`,`content`,`type`,`blog_id`,`del_flag`,`user_id`,`create_by`,`create_time`,`update_by`,`update_time`) values (1,NULL,NULL,22,'你好','0',NULL,'0',1,'admin','2022-01-15 15:24:46','',NULL),(2,NULL,NULL,10,'hello!!  123','0',NULL,'0',1,'admin','2022-01-15 15:25:26','',NULL),(3,1,1,2,'我很好!','1',NULL,'0',NULL,'匿名用户','2022-01-15 15:25:51','',NULL),(4,1,1,3,'大家好','1',NULL,'0',1,'admin','2022-01-15 15:26:23','',NULL),(5,3,1,3,'好','1',NULL,'0',1,'admin','2022-01-15 15:26:39','',NULL),(6,NULL,NULL,2,'测试','0',NULL,'0',NULL,'匿名用户','2022-01-16 18:17:27','',NULL),(17,6,6,NULL,'额','1',NULL,'0',1,'admin','2022-01-16 20:42:39','',NULL),(23,17,6,NULL,'哈哈','1',NULL,'0',NULL,'匿名用户','2022-01-19 01:31:19','',NULL),(24,5,1,NULL,'1','1',NULL,'0',NULL,'匿名用户','2022-01-19 01:33:03','',NULL),(26,23,6,NULL,'啊','1',NULL,'1',1,'admin','2022-01-19 17:17:43','',NULL),(27,NULL,NULL,0,'阿斯顿v阿萨v发到付vDVD发v地方vv阿飞阿斯顿v阿萨v阿萨v阿斯顿v阿斯顿v沙发VS发VS的VS调查','0',NULL,'0',1,'admin','2022-01-19 17:30:29','',NULL),(28,NULL,NULL,0,'阿萨的顶顶顶顶顶顶顶顶顶','0',NULL,'0',1,'admin','2022-01-19 17:30:51','',NULL),(48,NULL,NULL,1,'good!\n','0',NULL,'0',2,'若依','2022-01-20 10:33:14','',NULL),(49,1,1,NULL,'若依','1',NULL,'0',2,'若依','2022-01-20 10:33:32','',NULL),(50,2,2,NULL,'你好\n','1',NULL,'0',2,'若依','2022-01-20 10:33:53','',NULL),(51,50,2,NULL,'yes','1',NULL,'0',1,'admin','2022-01-20 10:34:39','',NULL),(52,49,1,NULL,'你好若依\n','1',NULL,'0',1,'admin','2022-01-20 17:20:24','',NULL),(53,26,6,NULL,'问什么删评论','1',NULL,'0',1,'admin','2022-01-21 10:13:20','',NULL),(54,53,6,NULL,'why?','1',NULL,'0',2,'若依','2022-01-21 10:15:47','',NULL),(55,NULL,NULL,NULL,'1111','0',NULL,'0',2,'yuanren','2024-06-13 19:46:07','',NULL);

/*Table structure for table `cms_message_like` */

DROP TABLE IF EXISTS `cms_message_like`;

CREATE TABLE `cms_message_like` (
  `message_id` bigint NOT NULL COMMENT '点赞留言ID',
  `user_id` bigint NOT NULL COMMENT '用户ID',
  `create_by` varchar(64) CHARACTER SET utf8mb4 COLLATE utf8mb4_general_ci DEFAULT '' COMMENT '创建者',
  `create_time` datetime DEFAULT NULL COMMENT '创建时间',
  `update_by` varchar(64) CHARACTER SET utf8mb4 COLLATE utf8mb4_general_ci DEFAULT '' COMMENT '更新者',
  `update_time` datetime DEFAULT NULL COMMENT '更新时间',
  PRIMARY KEY (`message_id`,`user_id`) USING BTREE
) ENGINE=InnoDB DEFAULT CHARSET=utf8mb4 COLLATE=utf8mb4_general_ci ROW_FORMAT=DYNAMIC COMMENT='留言点赞表';

/*Data for the table `cms_message_like` */

/*Table structure for table `cms_tag` */

DROP TABLE IF EXISTS `cms_tag`;

CREATE TABLE `cms_tag` (
  `tag_id` bigint NOT NULL AUTO_INCREMENT COMMENT '标签ID',
  `create_by` varchar(64) CHARACTER SET utf8mb4 COLLATE utf8mb4_general_ci DEFAULT '' COMMENT '创建者',
  `create_time` datetime DEFAULT NULL COMMENT '创建时间',
  `update_by` varchar(64) CHARACTER SET utf8mb4 COLLATE utf8mb4_general_ci DEFAULT '' COMMENT '更新者',
  `update_time` datetime DEFAULT NULL COMMENT '更新时间',
  `tag_name` varchar(50) CHARACTER SET utf8mb4 COLLATE utf8mb4_general_ci NOT NULL COMMENT '标签名称',
  PRIMARY KEY (`tag_id`) USING BTREE
) ENGINE=InnoDB AUTO_INCREMENT=27 DEFAULT CHARSET=utf8mb4 COLLATE=utf8mb4_general_ci ROW_FORMAT=DYNAMIC COMMENT='标签信息表';

/*Data for the table `cms_tag` */

insert  into `cms_tag`(`tag_id`,`create_by`,`create_time`,`update_by`,`update_time`,`tag_name`) values (26,'若依','2022-01-04 14:48:26','admin','2024-06-30 15:07:55','简介');

/*Table structure for table `cms_type` */

DROP TABLE IF EXISTS `cms_type`;

CREATE TABLE `cms_type` (
  `type_id` bigint NOT NULL AUTO_INCREMENT COMMENT '分类ID',
  `create_by` varchar(64) CHARACTER SET utf8mb4 COLLATE utf8mb4_general_ci DEFAULT '' COMMENT '创建者',
  `create_time` datetime DEFAULT NULL COMMENT '创建时间',
  `update_by` varchar(64) CHARACTER SET utf8mb4 COLLATE utf8mb4_general_ci DEFAULT '' COMMENT '更新者',
  `update_time` datetime DEFAULT NULL COMMENT '更新时间',
  `type_name` varchar(50) CHARACTER SET utf8mb4 COLLATE utf8mb4_general_ci NOT NULL COMMENT '分类名称',
  `type_pic` varchar(100) CHARACTER SET utf8mb4 COLLATE utf8mb4_general_ci DEFAULT '' COMMENT '分类图像（ 1上传）',
  `type_pic_type` char(1) CHARACTER SET utf8mb4 COLLATE utf8mb4_general_ci DEFAULT '0' COMMENT '分类图像类型（0地址 1上传）',
  `type_pic_link` varchar(100) CHARACTER SET utf8mb4 COLLATE utf8mb4_general_ci DEFAULT '' COMMENT '分类图像（ 0地址）',
  PRIMARY KEY (`type_id`) USING BTREE
) ENGINE=InnoDB AUTO_INCREMENT=17 DEFAULT CHARSET=utf8mb4 COLLATE=utf8mb4_general_ci ROW_FORMAT=DYNAMIC COMMENT='分类信息表';

/*Data for the table `cms_type` */

insert  into `cms_type`(`type_id`,`create_by`,`create_time`,`update_by`,`update_time`,`type_name`,`type_pic`,`type_pic_type`,`type_pic_link`) values (14,'若依','2022-01-04 14:31:23','admin','2024-06-30 15:05:19','新民主主义革命阶段','','0',''),(16,'admin','2022-06-10 16:08:50','admin','2024-06-30 15:05:08','旧民主主义革命阶段','','0','');

/*Table structure for table `gen_table` */

DROP TABLE IF EXISTS `gen_table`;

CREATE TABLE `gen_table` (
  `table_id` bigint NOT NULL AUTO_INCREMENT COMMENT '编号',
  `table_name` varchar(200) CHARACTER SET utf8mb4 COLLATE utf8mb4_general_ci DEFAULT '' COMMENT '表名称',
  `table_comment` varchar(500) CHARACTER SET utf8mb4 COLLATE utf8mb4_general_ci DEFAULT '' COMMENT '表描述',
  `sub_table_name` varchar(64) CHARACTER SET utf8mb4 COLLATE utf8mb4_general_ci DEFAULT NULL COMMENT '关联子表的表名',
  `sub_table_fk_name` varchar(64) CHARACTER SET utf8mb4 COLLATE utf8mb4_general_ci DEFAULT NULL COMMENT '子表关联的外键名',
  `class_name` varchar(100) CHARACTER SET utf8mb4 COLLATE utf8mb4_general_ci DEFAULT '' COMMENT '实体类名称',
  `tpl_category` varchar(200) CHARACTER SET utf8mb4 COLLATE utf8mb4_general_ci DEFAULT 'crud' COMMENT '使用的模板（crud单表操作 tree树表操作）',
  `package_name` varchar(100) CHARACTER SET utf8mb4 COLLATE utf8mb4_general_ci DEFAULT NULL COMMENT '生成包路径',
  `module_name` varchar(30) CHARACTER SET utf8mb4 COLLATE utf8mb4_general_ci DEFAULT NULL COMMENT '生成模块名',
  `business_name` varchar(30) CHARACTER SET utf8mb4 COLLATE utf8mb4_general_ci DEFAULT NULL COMMENT '生成业务名',
  `function_name` varchar(50) CHARACTER SET utf8mb4 COLLATE utf8mb4_general_ci DEFAULT NULL COMMENT '生成功能名',
  `function_author` varchar(50) CHARACTER SET utf8mb4 COLLATE utf8mb4_general_ci DEFAULT NULL COMMENT '生成功能作者',
  `gen_type` char(1) CHARACTER SET utf8mb4 COLLATE utf8mb4_general_ci DEFAULT '0' COMMENT '生成代码方式（0zip压缩包 1自定义路径）',
  `gen_path` varchar(200) CHARACTER SET utf8mb4 COLLATE utf8mb4_general_ci DEFAULT '/' COMMENT '生成路径（不填默认项目路径）',
  `options` varchar(1000) CHARACTER SET utf8mb4 COLLATE utf8mb4_general_ci DEFAULT NULL COMMENT '其它生成选项',
  `create_by` varchar(64) CHARACTER SET utf8mb4 COLLATE utf8mb4_general_ci DEFAULT '' COMMENT '创建者',
  `create_time` datetime DEFAULT NULL COMMENT '创建时间',
  `update_by` varchar(64) CHARACTER SET utf8mb4 COLLATE utf8mb4_general_ci DEFAULT '' COMMENT '更新者',
  `update_time` datetime DEFAULT NULL COMMENT '更新时间',
  `remark` varchar(500) CHARACTER SET utf8mb4 COLLATE utf8mb4_general_ci DEFAULT NULL COMMENT '备注',
  PRIMARY KEY (`table_id`) USING BTREE
) ENGINE=InnoDB AUTO_INCREMENT=12 DEFAULT CHARSET=utf8mb4 COLLATE=utf8mb4_general_ci ROW_FORMAT=DYNAMIC COMMENT='代码生成业务表';

/*Data for the table `gen_table` */

insert  into `gen_table`(`table_id`,`table_name`,`table_comment`,`sub_table_name`,`sub_table_fk_name`,`class_name`,`tpl_category`,`package_name`,`module_name`,`business_name`,`function_name`,`function_author`,`gen_type`,`gen_path`,`options`,`create_by`,`create_time`,`update_by`,`update_time`,`remark`) values (1,'sys_order','订单明细表','','','SysOrder','tree','com.ruoyi.system','order','order','订单明细','ruoyi','0','/','{\"treeCode\":\"order_id\",\"treeName\":\"order_name\",\"treeParentCode\":\"order_group\",\"parentMenuId\":\"2000\"}','admin','2021-12-13 15:54:15','','2021-12-22 11:20:25',NULL),(4,'sys_file_info','文件信息表',NULL,NULL,'SysFileInfo','crud','com.ruoyi.cms.fileInfo','cms','fileInfo','文件管理','ruoyi','0','/','{\"parentMenuId\":2007}','admin','2021-12-29 14:58:04','','2021-12-29 14:59:08',NULL),(6,'cms_blog','博客信息表',NULL,NULL,'CmsBlog','crud','com.ruoyi.cms.blog','cms','blog','文章管理','ning','0','/','{\"parentMenuId\":2007}','admin','2022-01-01 22:38:51','','2022-01-01 22:40:47',NULL),(7,'cms_tag','标签信息表',NULL,NULL,'CmsTag','crud','com.ruoyi.cms.tag','cms','tag','标签管理','ning','0','/','{\"parentMenuId\":2007}','admin','2022-01-02 14:48:25','','2022-01-02 14:49:54',NULL),(8,'cms_type','分类信息表',NULL,NULL,'CmsType','crud','com.ruoyi.cms.type','cms','type','分类管理','ning','0','/','{\"parentMenuId\":2007}','admin','2022-01-02 15:01:07','','2022-01-02 15:02:27',NULL),(10,'cms_message','留言表',NULL,NULL,'CmsMessage','crud','com.ruoyi.cms.message','cms','message','留言管理','ning','0','/','{\"parentMenuId\":2007}','admin','2022-01-15 13:56:24','','2022-01-15 13:56:57',NULL),(11,'cms_comment','评论表',NULL,NULL,'CmsComment','crud','com.ruoyi.cms.comment','cms','comment','评论管理','ning','0','/','{\"parentMenuId\":2007}','admin','2022-01-21 09:16:31','','2022-01-21 10:13:56',NULL);

/*Table structure for table `gen_table_column` */

DROP TABLE IF EXISTS `gen_table_column`;

CREATE TABLE `gen_table_column` (
  `column_id` bigint NOT NULL AUTO_INCREMENT COMMENT '编号',
  `table_id` varchar(64) CHARACTER SET utf8mb4 COLLATE utf8mb4_general_ci DEFAULT NULL COMMENT '归属表编号',
  `column_name` varchar(200) CHARACTER SET utf8mb4 COLLATE utf8mb4_general_ci DEFAULT NULL COMMENT '列名称',
  `column_comment` varchar(500) CHARACTER SET utf8mb4 COLLATE utf8mb4_general_ci DEFAULT NULL COMMENT '列描述',
  `column_type` varchar(100) CHARACTER SET utf8mb4 COLLATE utf8mb4_general_ci DEFAULT NULL COMMENT '列类型',
  `java_type` varchar(500) CHARACTER SET utf8mb4 COLLATE utf8mb4_general_ci DEFAULT NULL COMMENT 'JAVA类型',
  `java_field` varchar(200) CHARACTER SET utf8mb4 COLLATE utf8mb4_general_ci DEFAULT NULL COMMENT 'JAVA字段名',
  `is_pk` char(1) CHARACTER SET utf8mb4 COLLATE utf8mb4_general_ci DEFAULT NULL COMMENT '是否主键（1是）',
  `is_increment` char(1) CHARACTER SET utf8mb4 COLLATE utf8mb4_general_ci DEFAULT NULL COMMENT '是否自增（1是）',
  `is_required` char(1) CHARACTER SET utf8mb4 COLLATE utf8mb4_general_ci DEFAULT NULL COMMENT '是否必填（1是）',
  `is_insert` char(1) CHARACTER SET utf8mb4 COLLATE utf8mb4_general_ci DEFAULT NULL COMMENT '是否为插入字段（1是）',
  `is_edit` char(1) CHARACTER SET utf8mb4 COLLATE utf8mb4_general_ci DEFAULT NULL COMMENT '是否编辑字段（1是）',
  `is_list` char(1) CHARACTER SET utf8mb4 COLLATE utf8mb4_general_ci DEFAULT NULL COMMENT '是否列表字段（1是）',
  `is_query` char(1) CHARACTER SET utf8mb4 COLLATE utf8mb4_general_ci DEFAULT NULL COMMENT '是否查询字段（1是）',
  `query_type` varchar(200) CHARACTER SET utf8mb4 COLLATE utf8mb4_general_ci DEFAULT 'EQ' COMMENT '查询方式（等于、不等于、大于、小于、范围）',
  `html_type` varchar(200) CHARACTER SET utf8mb4 COLLATE utf8mb4_general_ci DEFAULT NULL COMMENT '显示类型（文本框、文本域、下拉框、复选框、单选框、日期控件）',
  `dict_type` varchar(200) CHARACTER SET utf8mb4 COLLATE utf8mb4_general_ci DEFAULT '' COMMENT '字典类型',
  `sort` int DEFAULT NULL COMMENT '排序',
  `create_by` varchar(64) CHARACTER SET utf8mb4 COLLATE utf8mb4_general_ci DEFAULT '' COMMENT '创建者',
  `create_time` datetime DEFAULT NULL COMMENT '创建时间',
  `update_by` varchar(64) CHARACTER SET utf8mb4 COLLATE utf8mb4_general_ci DEFAULT '' COMMENT '更新者',
  `update_time` datetime DEFAULT NULL COMMENT '更新时间',
  PRIMARY KEY (`column_id`) USING BTREE
) ENGINE=InnoDB AUTO_INCREMENT=111 DEFAULT CHARSET=utf8mb4 COLLATE=utf8mb4_general_ci ROW_FORMAT=DYNAMIC COMMENT='代码生成业务表字段';

/*Data for the table `gen_table_column` */

insert  into `gen_table_column`(`column_id`,`table_id`,`column_name`,`column_comment`,`column_type`,`java_type`,`java_field`,`is_pk`,`is_increment`,`is_required`,`is_insert`,`is_edit`,`is_list`,`is_query`,`query_type`,`html_type`,`dict_type`,`sort`,`create_by`,`create_time`,`update_by`,`update_time`) values (1,'1','order_id','订单ID','bigint(20)','Long','orderId','1','1',NULL,'1',NULL,NULL,NULL,'EQ','input','',1,'admin','2021-12-13 15:54:15','','2021-12-22 11:20:25'),(2,'1','order_name','订单名称','varchar(64)','String','orderName','0','0','1','1','1','1','1','LIKE','input','',2,'admin','2021-12-13 15:54:15','','2021-12-22 11:20:25'),(3,'1','order_group','订单组名','varchar(64)','String','orderGroup','0','0','1','1','1','1','1','EQ','select','sys_oper_type',3,'admin','2021-12-13 15:54:15','','2021-12-22 11:20:25'),(4,'1','remark','备注','varchar(500)','String','remark','0','0',NULL,'1','1','1',NULL,'EQ','editor','',4,'','2021-12-22 11:16:52','','2021-12-22 11:20:25'),(31,'4','file_id','文件主键id','bigint(20)','Long','fileId','1','1',NULL,'1',NULL,NULL,NULL,'EQ','input','',1,'admin','2021-12-29 14:58:04','','2021-12-29 14:59:08'),(32,'4','file_origin_name','文件名称','varchar(255)','String','fileOriginName','0','0','1','1','1','1','1','LIKE','input','',2,'admin','2021-12-29 14:58:04','','2021-12-29 14:59:08'),(33,'4','file_suffix','文件类型，例如txt','varchar(255)','String','fileSuffix','0','0',NULL,'1','1','1','1','EQ','input','',3,'admin','2021-12-29 14:58:04','','2021-12-29 14:59:08'),(34,'4','file_size_info','文件大小','varchar(255)','String','fileSizeInfo','0','0',NULL,'1','1','1','1','EQ','input','',4,'admin','2021-12-29 14:58:04','','2021-12-29 14:59:08'),(35,'4','file_object_name','存储文件名称','varchar(255)','String','fileObjectName','0','0',NULL,'1','1','1','1','EQ','input','',5,'admin','2021-12-29 14:58:04','','2021-12-29 14:59:08'),(36,'4','file_path','存储路径','varchar(255)','String','filePath','0','0',NULL,'1','1','1','1','EQ','input','',6,'admin','2021-12-29 14:58:04','','2021-12-29 14:59:08'),(37,'4','del_flag','是否删除：Y-被删除，N-未删除','char(1)','String','delFlag','0','0','1','1',NULL,NULL,NULL,'EQ','input','',7,'admin','2021-12-29 14:58:04','','2021-12-29 14:59:08'),(38,'4','create_by','创建者','varchar(64)','String','createBy','0','0',NULL,'1',NULL,NULL,NULL,'EQ','input','',8,'admin','2021-12-29 14:58:04','','2021-12-29 14:59:08'),(39,'4','create_time','创建时间','datetime','Date','createTime','0','0',NULL,'1',NULL,NULL,NULL,'EQ','datetime','',9,'admin','2021-12-29 14:58:04','','2021-12-29 14:59:08'),(40,'4','update_by','更新者','varchar(64)','String','updateBy','0','0',NULL,'1','1',NULL,NULL,'EQ','input','',10,'admin','2021-12-29 14:58:04','','2021-12-29 14:59:08'),(41,'4','update_time','更新时间','datetime','Date','updateTime','0','0',NULL,'1','1',NULL,NULL,'EQ','datetime','',11,'admin','2021-12-29 14:58:04','','2021-12-29 14:59:08'),(52,'6','id','ID','bigint(20)','Long','id','1','1',NULL,'1',NULL,NULL,NULL,'EQ','input','',1,'admin','2022-01-01 22:38:51','','2022-01-01 22:40:47'),(53,'6','create_by','创建者','varchar(64)','String','createBy','0','0',NULL,'1',NULL,NULL,NULL,'EQ','input','',2,'admin','2022-01-01 22:38:51','','2022-01-01 22:40:47'),(54,'6','create_time','创建时间','datetime','Date','createTime','0','0',NULL,'1',NULL,NULL,NULL,'EQ','datetime','',3,'admin','2022-01-01 22:38:51','','2022-01-01 22:40:47'),(55,'6','update_by','更新者','varchar(64)','String','updateBy','0','0',NULL,'1','1',NULL,NULL,'EQ','input','',4,'admin','2022-01-01 22:38:51','','2022-01-01 22:40:47'),(56,'6','update_time','更新时间','datetime','Date','updateTime','0','0',NULL,'1','1',NULL,NULL,'EQ','datetime','',5,'admin','2022-01-01 22:38:51','','2022-01-01 22:40:47'),(57,'6','title','标题','varchar(50)','String','title','0','0','1','1','1','1','1','LIKE','input','',6,'admin','2022-01-01 22:38:51','','2022-01-01 22:40:47'),(58,'6','type','类型','char(1)','String','type','0','0','1','1','1','1','1','EQ','select','',7,'admin','2022-01-01 22:38:51','','2022-01-01 22:40:47'),(59,'6','content','内容','longblob','String','content','0','0',NULL,'1','1','1','1','EQ','editor','',8,'admin','2022-01-01 22:38:51','','2022-01-01 22:40:47'),(60,'6','Top','置顶（0否 1是）','char(1)','String','top','0','0',NULL,'1','1','1','1','EQ','radio','',9,'admin','2022-01-01 22:38:51','','2022-01-01 22:40:47'),(61,'6','views','阅读','int(11)','Long','views','0','0',NULL,'1','1','1','1','EQ','input','',10,'admin','2022-01-01 22:38:51','','2022-01-01 22:40:47'),(62,'6','status','状态（0暂存 1发布）','char(1)','String','status','0','0',NULL,'1','1','1','1','EQ','radio','cms_blog_status',11,'admin','2022-01-01 22:38:51','','2022-01-01 22:40:47'),(63,'7','tag_id','标签ID','bigint(20)','Long','tagId','1','1',NULL,'1',NULL,NULL,NULL,'EQ','input','',1,'admin','2022-01-02 14:48:25','','2022-01-02 14:49:54'),(64,'7','create_by','创建者','varchar(64)','String','createBy','0','0',NULL,'1',NULL,NULL,NULL,'EQ','input','',2,'admin','2022-01-02 14:48:25','','2022-01-02 14:49:54'),(65,'7','create_time','创建时间','datetime','Date','createTime','0','0',NULL,'1',NULL,NULL,NULL,'EQ','datetime','',3,'admin','2022-01-02 14:48:25','','2022-01-02 14:49:54'),(66,'7','update_by','更新者','varchar(64)','String','updateBy','0','0',NULL,'1','1',NULL,NULL,'EQ','input','',4,'admin','2022-01-02 14:48:25','','2022-01-02 14:49:54'),(67,'7','update_time','更新时间','datetime','Date','updateTime','0','0',NULL,'1','1',NULL,NULL,'EQ','datetime','',5,'admin','2022-01-02 14:48:25','','2022-01-02 14:49:54'),(68,'7','tag_name','标签名称','varchar(50)','String','tagName','0','0','1','1','1','1','1','LIKE','input','',6,'admin','2022-01-02 14:48:25','','2022-01-02 14:49:54'),(69,'8','type_id','分类ID','bigint(20)','Long','typeId','1','1',NULL,'1',NULL,NULL,NULL,'EQ','input','',1,'admin','2022-01-02 15:01:07','','2022-01-02 15:02:27'),(70,'8','create_by','创建者','varchar(64)','String','createBy','0','0',NULL,'1',NULL,NULL,NULL,'EQ','input','',2,'admin','2022-01-02 15:01:07','','2022-01-02 15:02:27'),(71,'8','create_time','创建时间','datetime','Date','createTime','0','0',NULL,'1',NULL,NULL,NULL,'EQ','datetime','',3,'admin','2022-01-02 15:01:07','','2022-01-02 15:02:27'),(72,'8','update_by','更新者','varchar(64)','String','updateBy','0','0',NULL,'1','1',NULL,NULL,'EQ','input','',4,'admin','2022-01-02 15:01:07','','2022-01-02 15:02:27'),(73,'8','update_time','更新时间','datetime','Date','updateTime','0','0',NULL,'1','1',NULL,NULL,'EQ','datetime','',5,'admin','2022-01-02 15:01:07','','2022-01-02 15:02:27'),(74,'8','type_name','分类名称','varchar(50)','String','typeName','0','0','1','1','1','1','1','LIKE','input','',6,'admin','2022-01-02 15:01:07','','2022-01-02 15:02:27'),(75,'8','type_pic','分类图像','varchar(100)','String','typePic','0','0',NULL,'1','1','1','1','EQ','imageUpload','',7,'admin','2022-01-02 15:01:07','','2022-01-02 15:02:27'),(87,'10','id','ID','bigint(20)','Long','id','1','1',NULL,'1',NULL,NULL,NULL,'EQ','input','',1,'admin','2022-01-15 13:56:24','','2022-01-15 13:56:57'),(88,'10','parent_id','父留言id','bigint(20)','Long','parentId','0','0',NULL,'1','1','1','1','EQ','input','',2,'admin','2022-01-15 13:56:24','','2022-01-15 13:56:57'),(89,'10','like_num','点赞数量','int(11)','Long','likeNum','0','0',NULL,'1','1','1','1','EQ','input','',3,'admin','2022-01-15 13:56:24','','2022-01-15 13:56:57'),(90,'10','content','内容','varchar(255)','String','content','0','0',NULL,'1','1','1','1','EQ','textarea','',4,'admin','2022-01-15 13:56:24','','2022-01-15 13:56:57'),(91,'10','type','留言类型：对人评论，对项目评论，对资源评论','char(1)','String','type','0','0',NULL,'1','1','1','1','EQ','select','',5,'admin','2022-01-15 13:56:24','','2022-01-15 13:56:57'),(92,'10','blog_id','被留言者id，可以是人、项目、资源','bigint(20)','Long','blogId','0','0',NULL,'1','1','1','1','EQ','input','',6,'admin','2022-01-15 13:56:24','','2022-01-15 13:56:57'),(93,'10','user_id','留言者id','bigint(20)','Long','userId','0','0',NULL,'1','1','1','1','EQ','input','',7,'admin','2022-01-15 13:56:24','','2022-01-15 13:56:57'),(94,'10','create_by','创建者','varchar(64)','String','createBy','0','0',NULL,'1',NULL,NULL,NULL,'EQ','input','',8,'admin','2022-01-15 13:56:24','','2022-01-15 13:56:57'),(95,'10','create_time','创建时间','datetime','Date','createTime','0','0',NULL,'1',NULL,NULL,NULL,'EQ','datetime','',9,'admin','2022-01-15 13:56:24','','2022-01-15 13:56:57'),(96,'10','update_by','更新者','varchar(64)','String','updateBy','0','0',NULL,'1','1',NULL,NULL,'EQ','input','',10,'admin','2022-01-15 13:56:24','','2022-01-15 13:56:57'),(97,'10','update_time','更新时间','datetime','Date','updateTime','0','0',NULL,'1','1',NULL,NULL,'EQ','datetime','',11,'admin','2022-01-15 13:56:24','','2022-01-15 13:56:57'),(98,'11','id','ID','bigint(20)','Long','id','1','1',NULL,'1',NULL,NULL,NULL,'EQ','input','',1,'admin','2022-01-21 09:16:31','','2022-01-21 10:13:56'),(99,'11','parent_id','父评论id','bigint(20)','Long','parentId','0','0',NULL,'1','1','1','1','EQ','input','',2,'admin','2022-01-21 09:16:31','','2022-01-21 10:13:56'),(100,'11','main_id','主评论id(第一级评论)','bigint(20)','Long','mainId','0','0',NULL,'1','1','1','1','EQ','input','',3,'admin','2022-01-21 09:16:31','','2022-01-21 10:13:56'),(101,'11','like_num','点赞数量','int(11)','Long','likeNum','0','0',NULL,'1','1','1','1','EQ','input','',4,'admin','2022-01-21 09:16:31','','2022-01-21 10:13:56'),(102,'11','content','内容','varchar(255)','String','content','0','0',NULL,'1','1','1','1','LIKE','textarea','',5,'admin','2022-01-21 09:16:31','','2022-01-21 10:13:56'),(103,'11','type','评论类型：对人评论，对项目评论，对资源评论','char(1)','String','type','0','0',NULL,'1','1','1','1','EQ','select','',6,'admin','2022-01-21 09:16:31','','2022-01-21 10:13:56'),(104,'11','blog_id','被评论者id，可以是人、项目、资源','bigint(20)','Long','blogId','0','0',NULL,'1','1','1','1','EQ','input','',7,'admin','2022-01-21 09:16:31','','2022-01-21 10:13:56'),(105,'11','del_flag','删除标志（0代表存在 1代表删除）','char(1)','String','delFlag','0','0',NULL,'1',NULL,NULL,NULL,'EQ','input','',8,'admin','2022-01-21 09:16:31','','2022-01-21 10:13:56'),(106,'11','user_id','评论者id','bigint(20)','Long','userId','0','0',NULL,'1','1','1','1','EQ','input','',9,'admin','2022-01-21 09:16:31','','2022-01-21 10:13:56'),(107,'11','create_by','创建者','varchar(64)','String','createBy','0','0',NULL,'1',NULL,NULL,NULL,'EQ','input','',10,'admin','2022-01-21 09:16:31','','2022-01-21 10:13:56'),(108,'11','create_time','创建时间','datetime','Date','createTime','0','0',NULL,'1',NULL,NULL,NULL,'EQ','datetime','',11,'admin','2022-01-21 09:16:31','','2022-01-21 10:13:56'),(109,'11','update_by','更新者','varchar(64)','String','updateBy','0','0',NULL,'1','1',NULL,NULL,'EQ','input','',12,'admin','2022-01-21 09:16:31','','2022-01-21 10:13:56'),(110,'11','update_time','更新时间','datetime','Date','updateTime','0','0',NULL,'1','1',NULL,NULL,'EQ','datetime','',13,'admin','2022-01-21 09:16:31','','2022-01-21 10:13:56');

/*Table structure for table `qrtz_blob_triggers` */

DROP TABLE IF EXISTS `qrtz_blob_triggers`;

CREATE TABLE `qrtz_blob_triggers` (
  `sched_name` varchar(120) CHARACTER SET utf8mb4 COLLATE utf8mb4_general_ci NOT NULL COMMENT '调度名称',
  `trigger_name` varchar(200) CHARACTER SET utf8mb4 COLLATE utf8mb4_general_ci NOT NULL COMMENT 'qrtz_triggers表trigger_name的外键',
  `trigger_group` varchar(200) CHARACTER SET utf8mb4 COLLATE utf8mb4_general_ci NOT NULL COMMENT 'qrtz_triggers表trigger_group的外键',
  `blob_data` blob COMMENT '存放持久化Trigger对象',
  PRIMARY KEY (`sched_name`,`trigger_name`,`trigger_group`) USING BTREE,
  CONSTRAINT `QRTZ_BLOB_TRIGGERS_IBFK_1` FOREIGN KEY (`sched_name`, `trigger_name`, `trigger_group`) REFERENCES `qrtz_triggers` (`sched_name`, `trigger_name`, `trigger_group`) ON DELETE RESTRICT ON UPDATE RESTRICT
) ENGINE=InnoDB DEFAULT CHARSET=utf8mb4 COLLATE=utf8mb4_general_ci ROW_FORMAT=DYNAMIC COMMENT='Blob类型的触发器表';

/*Data for the table `qrtz_blob_triggers` */

/*Table structure for table `qrtz_calendars` */

DROP TABLE IF EXISTS `qrtz_calendars`;

CREATE TABLE `qrtz_calendars` (
  `sched_name` varchar(120) CHARACTER SET utf8mb4 COLLATE utf8mb4_general_ci NOT NULL COMMENT '调度名称',
  `calendar_name` varchar(200) CHARACTER SET utf8mb4 COLLATE utf8mb4_general_ci NOT NULL COMMENT '日历名称',
  `calendar` blob NOT NULL COMMENT '存放持久化calendar对象',
  PRIMARY KEY (`sched_name`,`calendar_name`) USING BTREE
) ENGINE=InnoDB DEFAULT CHARSET=utf8mb4 COLLATE=utf8mb4_general_ci ROW_FORMAT=DYNAMIC COMMENT='日历信息表';

/*Data for the table `qrtz_calendars` */

/*Table structure for table `qrtz_cron_triggers` */

DROP TABLE IF EXISTS `qrtz_cron_triggers`;

CREATE TABLE `qrtz_cron_triggers` (
  `sched_name` varchar(120) CHARACTER SET utf8mb4 COLLATE utf8mb4_general_ci NOT NULL COMMENT '调度名称',
  `trigger_name` varchar(200) CHARACTER SET utf8mb4 COLLATE utf8mb4_general_ci NOT NULL COMMENT 'qrtz_triggers表trigger_name的外键',
  `trigger_group` varchar(200) CHARACTER SET utf8mb4 COLLATE utf8mb4_general_ci NOT NULL COMMENT 'qrtz_triggers表trigger_group的外键',
  `cron_expression` varchar(200) CHARACTER SET utf8mb4 COLLATE utf8mb4_general_ci NOT NULL COMMENT 'cron表达式',
  `time_zone_id` varchar(80) CHARACTER SET utf8mb4 COLLATE utf8mb4_general_ci DEFAULT NULL COMMENT '时区',
  PRIMARY KEY (`sched_name`,`trigger_name`,`trigger_group`) USING BTREE,
  CONSTRAINT `QRTZ_CRON_TRIGGERS_IBFK_1` FOREIGN KEY (`sched_name`, `trigger_name`, `trigger_group`) REFERENCES `qrtz_triggers` (`sched_name`, `trigger_name`, `trigger_group`) ON DELETE RESTRICT ON UPDATE RESTRICT
) ENGINE=InnoDB DEFAULT CHARSET=utf8mb4 COLLATE=utf8mb4_general_ci ROW_FORMAT=DYNAMIC COMMENT='Cron类型的触发器表';

/*Data for the table `qrtz_cron_triggers` */

insert  into `qrtz_cron_triggers`(`sched_name`,`trigger_name`,`trigger_group`,`cron_expression`,`time_zone_id`) values ('RuoyiScheduler','TASK_CLASS_NAME1','DEFAULT','0/10 * * * * ?','Asia/Shanghai'),('RuoyiScheduler','TASK_CLASS_NAME2','DEFAULT','0/15 * * * * ?','Asia/Shanghai'),('RuoyiScheduler','TASK_CLASS_NAME3','DEFAULT','0/20 * * * * ?','Asia/Shanghai');

/*Table structure for table `qrtz_fired_triggers` */

DROP TABLE IF EXISTS `qrtz_fired_triggers`;

CREATE TABLE `qrtz_fired_triggers` (
  `sched_name` varchar(120) CHARACTER SET utf8mb4 COLLATE utf8mb4_general_ci NOT NULL COMMENT '调度名称',
  `entry_id` varchar(95) CHARACTER SET utf8mb4 COLLATE utf8mb4_general_ci NOT NULL COMMENT '调度器实例id',
  `trigger_name` varchar(200) CHARACTER SET utf8mb4 COLLATE utf8mb4_general_ci NOT NULL COMMENT 'qrtz_triggers表trigger_name的外键',
  `trigger_group` varchar(200) CHARACTER SET utf8mb4 COLLATE utf8mb4_general_ci NOT NULL COMMENT 'qrtz_triggers表trigger_group的外键',
  `instance_name` varchar(200) CHARACTER SET utf8mb4 COLLATE utf8mb4_general_ci NOT NULL COMMENT '调度器实例名',
  `fired_time` bigint NOT NULL COMMENT '触发的时间',
  `sched_time` bigint NOT NULL COMMENT '定时器制定的时间',
  `priority` int NOT NULL COMMENT '优先级',
  `state` varchar(16) CHARACTER SET utf8mb4 COLLATE utf8mb4_general_ci NOT NULL COMMENT '状态',
  `job_name` varchar(200) CHARACTER SET utf8mb4 COLLATE utf8mb4_general_ci DEFAULT NULL COMMENT '任务名称',
  `job_group` varchar(200) CHARACTER SET utf8mb4 COLLATE utf8mb4_general_ci DEFAULT NULL COMMENT '任务组名',
  `is_nonconcurrent` varchar(1) CHARACTER SET utf8mb4 COLLATE utf8mb4_general_ci DEFAULT NULL COMMENT '是否并发',
  `requests_recovery` varchar(1) CHARACTER SET utf8mb4 COLLATE utf8mb4_general_ci DEFAULT NULL COMMENT '是否接受恢复执行',
  PRIMARY KEY (`sched_name`,`entry_id`) USING BTREE
) ENGINE=InnoDB DEFAULT CHARSET=utf8mb4 COLLATE=utf8mb4_general_ci ROW_FORMAT=DYNAMIC COMMENT='已触发的触发器表';

/*Data for the table `qrtz_fired_triggers` */

/*Table structure for table `qrtz_job_details` */

DROP TABLE IF EXISTS `qrtz_job_details`;

CREATE TABLE `qrtz_job_details` (
  `sched_name` varchar(120) CHARACTER SET utf8mb4 COLLATE utf8mb4_general_ci NOT NULL COMMENT '调度名称',
  `job_name` varchar(200) CHARACTER SET utf8mb4 COLLATE utf8mb4_general_ci NOT NULL COMMENT '任务名称',
  `job_group` varchar(200) CHARACTER SET utf8mb4 COLLATE utf8mb4_general_ci NOT NULL COMMENT '任务组名',
  `description` varchar(250) CHARACTER SET utf8mb4 COLLATE utf8mb4_general_ci DEFAULT NULL COMMENT '相关介绍',
  `job_class_name` varchar(250) CHARACTER SET utf8mb4 COLLATE utf8mb4_general_ci NOT NULL COMMENT '执行任务类名称',
  `is_durable` varchar(1) CHARACTER SET utf8mb4 COLLATE utf8mb4_general_ci NOT NULL COMMENT '是否持久化',
  `is_nonconcurrent` varchar(1) CHARACTER SET utf8mb4 COLLATE utf8mb4_general_ci NOT NULL COMMENT '是否并发',
  `is_update_data` varchar(1) CHARACTER SET utf8mb4 COLLATE utf8mb4_general_ci NOT NULL COMMENT '是否更新数据',
  `requests_recovery` varchar(1) CHARACTER SET utf8mb4 COLLATE utf8mb4_general_ci NOT NULL COMMENT '是否接受恢复执行',
  `job_data` blob COMMENT '存放持久化job对象',
  PRIMARY KEY (`sched_name`,`job_name`,`job_group`) USING BTREE
) ENGINE=InnoDB DEFAULT CHARSET=utf8mb4 COLLATE=utf8mb4_general_ci ROW_FORMAT=DYNAMIC COMMENT='任务详细信息表';

/*Data for the table `qrtz_job_details` */

insert  into `qrtz_job_details`(`sched_name`,`job_name`,`job_group`,`description`,`job_class_name`,`is_durable`,`is_nonconcurrent`,`is_update_data`,`requests_recovery`,`job_data`) values ('RuoyiScheduler','TASK_CLASS_NAME1','DEFAULT',NULL,'com.ruoyi.quartz.util.QuartzDisallowConcurrentExecution','0','1','0','0','\0sr\0org.quartz.JobDataMap迩\0\0xr\0&org.quartz.utils.StringKeyDirtyFlagMap](\0Z\0allowsTransientDataxr\0org.quartz.utils.DirtyFlagMap.(v\n\0Z\0dirtyL\0mapt\0Ljava/util/Map;xpsr\0java.util.HashMap`\0F\0\nloadFactorI\0	thresholdxp?@\0\0\0\0\0w\0\0\0\0\0\0t\0TASK_PROPERTIESsr\0com.ruoyi.quartz.domain.SysJob\0\0\0\0\0\0\0\0L\0\nconcurrentt\0Ljava/lang/String;L\0cronExpressionq\0~\0	L\0invokeTargetq\0~\0	L\0jobGroupq\0~\0	L\0jobIdt\0Ljava/lang/Long;L\0jobNameq\0~\0	L\0\rmisfirePolicyq\0~\0	L\0statusq\0~\0	xr\0\'com.ruoyi.common.core.domain.BaseEntity\0\0\0\0\0\0\0\0L\0createByq\0~\0	L\0\ncreateTimet\0Ljava/util/Date;L\0paramsq\0~\0L\0remarkq\0~\0	L\0searchValueq\0~\0	L\0updateByq\0~\0	L\0\nupdateTimeq\0~\0xpt\0adminsr\0java.util.DatehjKYt\0\0xpw\0\0}~0xpt\0\0pppt\01t\00/10 * * * * ?t\0ryTask.ryNoParamst\0DEFAULTsr\0java.lang.Long;̏#\0J\0valuexr\0java.lang.Number\0\0xp\0\0\0\0\0\0\0t\0系统默认（无参）t\03t\01x\0'),('RuoyiScheduler','TASK_CLASS_NAME2','DEFAULT',NULL,'com.ruoyi.quartz.util.QuartzDisallowConcurrentExecution','0','1','0','0','\0sr\0org.quartz.JobDataMap迩\0\0xr\0&org.quartz.utils.StringKeyDirtyFlagMap](\0Z\0allowsTransientDataxr\0org.quartz.utils.DirtyFlagMap.(v\n\0Z\0dirtyL\0mapt\0Ljava/util/Map;xpsr\0java.util.HashMap`\0F\0\nloadFactorI\0	thresholdxp?@\0\0\0\0\0w\0\0\0\0\0\0t\0TASK_PROPERTIESsr\0com.ruoyi.quartz.domain.SysJob\0\0\0\0\0\0\0\0L\0\nconcurrentt\0Ljava/lang/String;L\0cronExpressionq\0~\0	L\0invokeTargetq\0~\0	L\0jobGroupq\0~\0	L\0jobIdt\0Ljava/lang/Long;L\0jobNameq\0~\0	L\0\rmisfirePolicyq\0~\0	L\0statusq\0~\0	xr\0\'com.ruoyi.common.core.domain.BaseEntity\0\0\0\0\0\0\0\0L\0createByq\0~\0	L\0\ncreateTimet\0Ljava/util/Date;L\0paramsq\0~\0L\0remarkq\0~\0	L\0searchValueq\0~\0	L\0updateByq\0~\0	L\0\nupdateTimeq\0~\0xpt\0adminsr\0java.util.DatehjKYt\0\0xpw\0\0}~0xpt\0\0pppt\01t\00/15 * * * * ?t\0ryTask.ryParams(\'ry\')t\0DEFAULTsr\0java.lang.Long;̏#\0J\0valuexr\0java.lang.Number\0\0xp\0\0\0\0\0\0\0t\0系统默认（有参）t\03t\01x\0'),('RuoyiScheduler','TASK_CLASS_NAME3','DEFAULT',NULL,'com.ruoyi.quartz.util.QuartzDisallowConcurrentExecution','0','1','0','0','\0sr\0org.quartz.JobDataMap迩\0\0xr\0&org.quartz.utils.StringKeyDirtyFlagMap](\0Z\0allowsTransientDataxr\0org.quartz.utils.DirtyFlagMap.(v\n\0Z\0dirtyL\0mapt\0Ljava/util/Map;xpsr\0java.util.HashMap`\0F\0\nloadFactorI\0	thresholdxp?@\0\0\0\0\0w\0\0\0\0\0\0t\0TASK_PROPERTIESsr\0com.ruoyi.quartz.domain.SysJob\0\0\0\0\0\0\0\0L\0\nconcurrentt\0Ljava/lang/String;L\0cronExpressionq\0~\0	L\0invokeTargetq\0~\0	L\0jobGroupq\0~\0	L\0jobIdt\0Ljava/lang/Long;L\0jobNameq\0~\0	L\0\rmisfirePolicyq\0~\0	L\0statusq\0~\0	xr\0\'com.ruoyi.common.core.domain.BaseEntity\0\0\0\0\0\0\0\0L\0createByq\0~\0	L\0\ncreateTimet\0Ljava/util/Date;L\0paramsq\0~\0L\0remarkq\0~\0	L\0searchValueq\0~\0	L\0updateByq\0~\0	L\0\nupdateTimeq\0~\0xpt\0adminsr\0java.util.DatehjKYt\0\0xpw\0\0}~0xpt\0\0pppt\01t\00/20 * * * * ?t\08ryTask.ryMultipleParams(\'ry\', true, 2000L, 316.50D, 100)t\0DEFAULTsr\0java.lang.Long;̏#\0J\0valuexr\0java.lang.Number\0\0xp\0\0\0\0\0\0\0t\0系统默认（多参）t\03t\01x\0');

/*Table structure for table `qrtz_locks` */

DROP TABLE IF EXISTS `qrtz_locks`;

CREATE TABLE `qrtz_locks` (
  `sched_name` varchar(120) CHARACTER SET utf8mb4 COLLATE utf8mb4_general_ci NOT NULL COMMENT '调度名称',
  `lock_name` varchar(40) CHARACTER SET utf8mb4 COLLATE utf8mb4_general_ci NOT NULL COMMENT '悲观锁名称',
  PRIMARY KEY (`sched_name`,`lock_name`) USING BTREE
) ENGINE=InnoDB DEFAULT CHARSET=utf8mb4 COLLATE=utf8mb4_general_ci ROW_FORMAT=DYNAMIC COMMENT='存储的悲观锁信息表';

/*Data for the table `qrtz_locks` */

insert  into `qrtz_locks`(`sched_name`,`lock_name`) values ('RuoyiScheduler','STATE_ACCESS'),('RuoyiScheduler','TRIGGER_ACCESS');

/*Table structure for table `qrtz_paused_trigger_grps` */

DROP TABLE IF EXISTS `qrtz_paused_trigger_grps`;

CREATE TABLE `qrtz_paused_trigger_grps` (
  `sched_name` varchar(120) CHARACTER SET utf8mb4 COLLATE utf8mb4_general_ci NOT NULL COMMENT '调度名称',
  `trigger_group` varchar(200) CHARACTER SET utf8mb4 COLLATE utf8mb4_general_ci NOT NULL COMMENT 'qrtz_triggers表trigger_group的外键',
  PRIMARY KEY (`sched_name`,`trigger_group`) USING BTREE
) ENGINE=InnoDB DEFAULT CHARSET=utf8mb4 COLLATE=utf8mb4_general_ci ROW_FORMAT=DYNAMIC COMMENT='暂停的触发器表';

/*Data for the table `qrtz_paused_trigger_grps` */

/*Table structure for table `qrtz_scheduler_state` */

DROP TABLE IF EXISTS `qrtz_scheduler_state`;

CREATE TABLE `qrtz_scheduler_state` (
  `sched_name` varchar(120) CHARACTER SET utf8mb4 COLLATE utf8mb4_general_ci NOT NULL COMMENT '调度名称',
  `instance_name` varchar(200) CHARACTER SET utf8mb4 COLLATE utf8mb4_general_ci NOT NULL COMMENT '实例名称',
  `last_checkin_time` bigint NOT NULL COMMENT '上次检查时间',
  `checkin_interval` bigint NOT NULL COMMENT '检查间隔时间',
  PRIMARY KEY (`sched_name`,`instance_name`) USING BTREE
) ENGINE=InnoDB DEFAULT CHARSET=utf8mb4 COLLATE=utf8mb4_general_ci ROW_FORMAT=DYNAMIC COMMENT='调度器状态表';

/*Data for the table `qrtz_scheduler_state` */

insert  into `qrtz_scheduler_state`(`sched_name`,`instance_name`,`last_checkin_time`,`checkin_interval`) values ('RuoyiScheduler','cannotsexy1719803691874',1719818232937,15000);

/*Table structure for table `qrtz_simple_triggers` */

DROP TABLE IF EXISTS `qrtz_simple_triggers`;

CREATE TABLE `qrtz_simple_triggers` (
  `sched_name` varchar(120) CHARACTER SET utf8mb4 COLLATE utf8mb4_general_ci NOT NULL COMMENT '调度名称',
  `trigger_name` varchar(200) CHARACTER SET utf8mb4 COLLATE utf8mb4_general_ci NOT NULL COMMENT 'qrtz_triggers表trigger_name的外键',
  `trigger_group` varchar(200) CHARACTER SET utf8mb4 COLLATE utf8mb4_general_ci NOT NULL COMMENT 'qrtz_triggers表trigger_group的外键',
  `repeat_count` bigint NOT NULL COMMENT '重复的次数统计',
  `repeat_interval` bigint NOT NULL COMMENT '重复的间隔时间',
  `times_triggered` bigint NOT NULL COMMENT '已经触发的次数',
  PRIMARY KEY (`sched_name`,`trigger_name`,`trigger_group`) USING BTREE,
  CONSTRAINT `QRTZ_SIMPLE_TRIGGERS_IBFK_1` FOREIGN KEY (`sched_name`, `trigger_name`, `trigger_group`) REFERENCES `qrtz_triggers` (`sched_name`, `trigger_name`, `trigger_group`) ON DELETE RESTRICT ON UPDATE RESTRICT
) ENGINE=InnoDB DEFAULT CHARSET=utf8mb4 COLLATE=utf8mb4_general_ci ROW_FORMAT=DYNAMIC COMMENT='简单触发器的信息表';

/*Data for the table `qrtz_simple_triggers` */

/*Table structure for table `qrtz_simprop_triggers` */

DROP TABLE IF EXISTS `qrtz_simprop_triggers`;

CREATE TABLE `qrtz_simprop_triggers` (
  `sched_name` varchar(120) CHARACTER SET utf8mb4 COLLATE utf8mb4_general_ci NOT NULL COMMENT '调度名称',
  `trigger_name` varchar(200) CHARACTER SET utf8mb4 COLLATE utf8mb4_general_ci NOT NULL COMMENT 'qrtz_triggers表trigger_name的外键',
  `trigger_group` varchar(200) CHARACTER SET utf8mb4 COLLATE utf8mb4_general_ci NOT NULL COMMENT 'qrtz_triggers表trigger_group的外键',
  `str_prop_1` varchar(512) CHARACTER SET utf8mb4 COLLATE utf8mb4_general_ci DEFAULT NULL COMMENT 'String类型的trigger的第一个参数',
  `str_prop_2` varchar(512) CHARACTER SET utf8mb4 COLLATE utf8mb4_general_ci DEFAULT NULL COMMENT 'String类型的trigger的第二个参数',
  `str_prop_3` varchar(512) CHARACTER SET utf8mb4 COLLATE utf8mb4_general_ci DEFAULT NULL COMMENT 'String类型的trigger的第三个参数',
  `int_prop_1` int DEFAULT NULL COMMENT 'int类型的trigger的第一个参数',
  `int_prop_2` int DEFAULT NULL COMMENT 'int类型的trigger的第二个参数',
  `long_prop_1` bigint DEFAULT NULL COMMENT 'long类型的trigger的第一个参数',
  `long_prop_2` bigint DEFAULT NULL COMMENT 'long类型的trigger的第二个参数',
  `dec_prop_1` decimal(13,4) DEFAULT NULL COMMENT 'decimal类型的trigger的第一个参数',
  `dec_prop_2` decimal(13,4) DEFAULT NULL COMMENT 'decimal类型的trigger的第二个参数',
  `bool_prop_1` varchar(1) CHARACTER SET utf8mb4 COLLATE utf8mb4_general_ci DEFAULT NULL COMMENT 'Boolean类型的trigger的第一个参数',
  `bool_prop_2` varchar(1) CHARACTER SET utf8mb4 COLLATE utf8mb4_general_ci DEFAULT NULL COMMENT 'Boolean类型的trigger的第二个参数',
  PRIMARY KEY (`sched_name`,`trigger_name`,`trigger_group`) USING BTREE,
  CONSTRAINT `QRTZ_SIMPROP_TRIGGERS_IBFK_1` FOREIGN KEY (`sched_name`, `trigger_name`, `trigger_group`) REFERENCES `qrtz_triggers` (`sched_name`, `trigger_name`, `trigger_group`) ON DELETE RESTRICT ON UPDATE RESTRICT
) ENGINE=InnoDB DEFAULT CHARSET=utf8mb4 COLLATE=utf8mb4_general_ci ROW_FORMAT=DYNAMIC COMMENT='同步机制的行锁表';

/*Data for the table `qrtz_simprop_triggers` */

/*Table structure for table `qrtz_triggers` */

DROP TABLE IF EXISTS `qrtz_triggers`;

CREATE TABLE `qrtz_triggers` (
  `sched_name` varchar(120) CHARACTER SET utf8mb4 COLLATE utf8mb4_general_ci NOT NULL COMMENT '调度名称',
  `trigger_name` varchar(200) CHARACTER SET utf8mb4 COLLATE utf8mb4_general_ci NOT NULL COMMENT '触发器的名字',
  `trigger_group` varchar(200) CHARACTER SET utf8mb4 COLLATE utf8mb4_general_ci NOT NULL COMMENT '触发器所属组的名字',
  `job_name` varchar(200) CHARACTER SET utf8mb4 COLLATE utf8mb4_general_ci NOT NULL COMMENT 'qrtz_job_details表job_name的外键',
  `job_group` varchar(200) CHARACTER SET utf8mb4 COLLATE utf8mb4_general_ci NOT NULL COMMENT 'qrtz_job_details表job_group的外键',
  `description` varchar(250) CHARACTER SET utf8mb4 COLLATE utf8mb4_general_ci DEFAULT NULL COMMENT '相关介绍',
  `next_fire_time` bigint DEFAULT NULL COMMENT '上一次触发时间（毫秒）',
  `prev_fire_time` bigint DEFAULT NULL COMMENT '下一次触发时间（默认为-1表示不触发）',
  `priority` int DEFAULT NULL COMMENT '优先级',
  `trigger_state` varchar(16) CHARACTER SET utf8mb4 COLLATE utf8mb4_general_ci NOT NULL COMMENT '触发器状态',
  `trigger_type` varchar(8) CHARACTER SET utf8mb4 COLLATE utf8mb4_general_ci NOT NULL COMMENT '触发器的类型',
  `start_time` bigint NOT NULL COMMENT '开始时间',
  `end_time` bigint DEFAULT NULL COMMENT '结束时间',
  `calendar_name` varchar(200) CHARACTER SET utf8mb4 COLLATE utf8mb4_general_ci DEFAULT NULL COMMENT '日程表名称',
  `misfire_instr` smallint DEFAULT NULL COMMENT '补偿执行的策略',
  `job_data` blob COMMENT '存放持久化job对象',
  PRIMARY KEY (`sched_name`,`trigger_name`,`trigger_group`) USING BTREE,
  KEY `sched_name` (`sched_name`,`job_name`,`job_group`) USING BTREE,
  CONSTRAINT `QRTZ_TRIGGERS_IBFK_1` FOREIGN KEY (`sched_name`, `job_name`, `job_group`) REFERENCES `qrtz_job_details` (`sched_name`, `job_name`, `job_group`) ON DELETE RESTRICT ON UPDATE RESTRICT
) ENGINE=InnoDB DEFAULT CHARSET=utf8mb4 COLLATE=utf8mb4_general_ci ROW_FORMAT=DYNAMIC COMMENT='触发器详细信息表';

/*Data for the table `qrtz_triggers` */

insert  into `qrtz_triggers`(`sched_name`,`trigger_name`,`trigger_group`,`job_name`,`job_group`,`description`,`next_fire_time`,`prev_fire_time`,`priority`,`trigger_state`,`trigger_type`,`start_time`,`end_time`,`calendar_name`,`misfire_instr`,`job_data`) values ('RuoyiScheduler','TASK_CLASS_NAME1','DEFAULT','TASK_CLASS_NAME1','DEFAULT',NULL,1719803700000,-1,5,'PAUSED','CRON',1719803691000,0,NULL,2,''),('RuoyiScheduler','TASK_CLASS_NAME2','DEFAULT','TASK_CLASS_NAME2','DEFAULT',NULL,1719803700000,-1,5,'PAUSED','CRON',1719803692000,0,NULL,2,''),('RuoyiScheduler','TASK_CLASS_NAME3','DEFAULT','TASK_CLASS_NAME3','DEFAULT',NULL,1719803700000,-1,5,'PAUSED','CRON',1719803692000,0,NULL,2,'');

/*Table structure for table `sys_config` */

DROP TABLE IF EXISTS `sys_config`;

CREATE TABLE `sys_config` (
  `config_id` int NOT NULL AUTO_INCREMENT COMMENT '参数主键',
  `config_name` varchar(100) CHARACTER SET utf8mb4 COLLATE utf8mb4_general_ci DEFAULT '' COMMENT '参数名称',
  `config_key` varchar(100) CHARACTER SET utf8mb4 COLLATE utf8mb4_general_ci DEFAULT '' COMMENT '参数键名',
  `config_value` varchar(500) CHARACTER SET utf8mb4 COLLATE utf8mb4_general_ci DEFAULT '' COMMENT '参数键值',
  `config_type` char(1) CHARACTER SET utf8mb4 COLLATE utf8mb4_general_ci DEFAULT 'N' COMMENT '系统内置（Y是 N否）',
  `create_by` varchar(64) CHARACTER SET utf8mb4 COLLATE utf8mb4_general_ci DEFAULT '' COMMENT '创建者',
  `create_time` datetime DEFAULT NULL COMMENT '创建时间',
  `update_by` varchar(64) CHARACTER SET utf8mb4 COLLATE utf8mb4_general_ci DEFAULT '' COMMENT '更新者',
  `update_time` datetime DEFAULT NULL COMMENT '更新时间',
  `remark` varchar(500) CHARACTER SET utf8mb4 COLLATE utf8mb4_general_ci DEFAULT NULL COMMENT '备注',
  PRIMARY KEY (`config_id`) USING BTREE
) ENGINE=InnoDB AUTO_INCREMENT=6 DEFAULT CHARSET=utf8mb4 COLLATE=utf8mb4_general_ci ROW_FORMAT=DYNAMIC COMMENT='参数配置表';

/*Data for the table `sys_config` */

insert  into `sys_config`(`config_id`,`config_name`,`config_key`,`config_value`,`config_type`,`create_by`,`create_time`,`update_by`,`update_time`,`remark`) values (1,'主框架页-默认皮肤样式名称','sys.index.skinName','skin-blue','Y','admin','2021-12-10 14:12:14','',NULL,'蓝色 skin-blue、绿色 skin-green、紫色 skin-purple、红色 skin-red、黄色 skin-yellow'),(2,'用户管理-账号初始密码','sys.user.initPassword','123456','Y','admin','2021-12-10 14:12:14','',NULL,'初始化密码 123456'),(3,'主框架页-侧边栏主题','sys.index.sideTheme','theme-dark','Y','admin','2021-12-10 14:12:14','',NULL,'深色主题theme-dark，浅色主题theme-light'),(4,'账号自助-验证码开关','sys.account.captchaOnOff','true','Y','admin','2021-12-10 14:12:14','',NULL,'是否开启验证码功能（true开启，false关闭）'),(5,'账号自助-是否开启用户注册功能','sys.account.registerUser','true','Y','admin','2021-12-10 14:12:14','admin','2021-12-21 13:08:28','是否开启注册用户功能（true开启，false关闭）');

/*Table structure for table `sys_dept` */

DROP TABLE IF EXISTS `sys_dept`;

CREATE TABLE `sys_dept` (
  `dept_id` bigint NOT NULL AUTO_INCREMENT COMMENT '部门id',
  `parent_id` bigint DEFAULT '0' COMMENT '父部门id',
  `ancestors` varchar(50) CHARACTER SET utf8mb4 COLLATE utf8mb4_general_ci DEFAULT '' COMMENT '祖级列表',
  `dept_name` varchar(30) CHARACTER SET utf8mb4 COLLATE utf8mb4_general_ci DEFAULT '' COMMENT '部门名称',
  `order_num` int DEFAULT '0' COMMENT '显示顺序',
  `leader` varchar(20) CHARACTER SET utf8mb4 COLLATE utf8mb4_general_ci DEFAULT NULL COMMENT '负责人',
  `phone` varchar(11) CHARACTER SET utf8mb4 COLLATE utf8mb4_general_ci DEFAULT NULL COMMENT '联系电话',
  `email` varchar(50) CHARACTER SET utf8mb4 COLLATE utf8mb4_general_ci DEFAULT NULL COMMENT '邮箱',
  `status` char(1) CHARACTER SET utf8mb4 COLLATE utf8mb4_general_ci DEFAULT '0' COMMENT '部门状态（0正常 1停用）',
  `del_flag` char(1) CHARACTER SET utf8mb4 COLLATE utf8mb4_general_ci DEFAULT '0' COMMENT '删除标志（0代表存在 2代表删除）',
  `create_by` varchar(64) CHARACTER SET utf8mb4 COLLATE utf8mb4_general_ci DEFAULT '' COMMENT '创建者',
  `create_time` datetime DEFAULT NULL COMMENT '创建时间',
  `update_by` varchar(64) CHARACTER SET utf8mb4 COLLATE utf8mb4_general_ci DEFAULT '' COMMENT '更新者',
  `update_time` datetime DEFAULT NULL COMMENT '更新时间',
  PRIMARY KEY (`dept_id`) USING BTREE
) ENGINE=InnoDB AUTO_INCREMENT=110 DEFAULT CHARSET=utf8mb4 COLLATE=utf8mb4_general_ci ROW_FORMAT=DYNAMIC COMMENT='部门表';

/*Data for the table `sys_dept` */

insert  into `sys_dept`(`dept_id`,`parent_id`,`ancestors`,`dept_name`,`order_num`,`leader`,`phone`,`email`,`status`,`del_flag`,`create_by`,`create_time`,`update_by`,`update_time`) values (100,0,'0','若依科技',0,'若依','15888888888','ry@qq.com','0','0','admin','2021-12-10 14:12:14','',NULL),(101,100,'0,100','深圳总公司',1,'若依','15888888888','ry@qq.com','0','0','admin','2021-12-10 14:12:14','',NULL),(102,100,'0,100','长沙分公司',2,'若依','15888888888','ry@qq.com','0','0','admin','2021-12-10 14:12:14','',NULL),(103,101,'0,100,101','研发部门',1,'若依','15888888888','ry@qq.com','0','0','admin','2021-12-10 14:12:14','',NULL),(104,101,'0,100,101','市场部门',2,'若依','15888888888','ry@qq.com','0','0','admin','2021-12-10 14:12:14','',NULL),(105,101,'0,100,101','测试部门',3,'若依','15888888888','ry@qq.com','0','0','admin','2021-12-10 14:12:14','',NULL),(106,101,'0,100,101','财务部门',4,'若依','15888888888','ry@qq.com','0','0','admin','2021-12-10 14:12:14','',NULL),(107,101,'0,100,101','运维部门',5,'若依','15888888888','ry@qq.com','0','0','admin','2021-12-10 14:12:14','',NULL),(108,102,'0,100,102','市场部门',1,'若依','15888888888','ry@qq.com','0','0','admin','2021-12-10 14:12:14','',NULL),(109,102,'0,100,102','财务部门',2,'若依','15888888888','ry@qq.com','0','0','admin','2021-12-10 14:12:14','',NULL);

/*Table structure for table `sys_dict_data` */

DROP TABLE IF EXISTS `sys_dict_data`;

CREATE TABLE `sys_dict_data` (
  `dict_code` bigint NOT NULL AUTO_INCREMENT COMMENT '字典编码',
  `dict_sort` int DEFAULT '0' COMMENT '字典排序',
  `dict_label` varchar(100) CHARACTER SET utf8mb4 COLLATE utf8mb4_general_ci DEFAULT '' COMMENT '字典标签',
  `dict_value` varchar(100) CHARACTER SET utf8mb4 COLLATE utf8mb4_general_ci DEFAULT '' COMMENT '字典键值',
  `dict_type` varchar(100) CHARACTER SET utf8mb4 COLLATE utf8mb4_general_ci DEFAULT '' COMMENT '字典类型',
  `css_class` varchar(100) CHARACTER SET utf8mb4 COLLATE utf8mb4_general_ci DEFAULT NULL COMMENT '样式属性（其他样式扩展）',
  `list_class` varchar(100) CHARACTER SET utf8mb4 COLLATE utf8mb4_general_ci DEFAULT NULL COMMENT '表格回显样式',
  `is_default` char(1) CHARACTER SET utf8mb4 COLLATE utf8mb4_general_ci DEFAULT 'N' COMMENT '是否默认（Y是 N否）',
  `status` char(1) CHARACTER SET utf8mb4 COLLATE utf8mb4_general_ci DEFAULT '0' COMMENT '状态（0正常 1停用）',
  `create_by` varchar(64) CHARACTER SET utf8mb4 COLLATE utf8mb4_general_ci DEFAULT '' COMMENT '创建者',
  `create_time` datetime DEFAULT NULL COMMENT '创建时间',
  `update_by` varchar(64) CHARACTER SET utf8mb4 COLLATE utf8mb4_general_ci DEFAULT '' COMMENT '更新者',
  `update_time` datetime DEFAULT NULL COMMENT '更新时间',
  `remark` varchar(500) CHARACTER SET utf8mb4 COLLATE utf8mb4_general_ci DEFAULT NULL COMMENT '备注',
  PRIMARY KEY (`dict_code`) USING BTREE
) ENGINE=InnoDB AUTO_INCREMENT=106 DEFAULT CHARSET=utf8mb4 COLLATE=utf8mb4_general_ci ROW_FORMAT=DYNAMIC COMMENT='字典数据表';

/*Data for the table `sys_dict_data` */

insert  into `sys_dict_data`(`dict_code`,`dict_sort`,`dict_label`,`dict_value`,`dict_type`,`css_class`,`list_class`,`is_default`,`status`,`create_by`,`create_time`,`update_by`,`update_time`,`remark`) values (1,1,'男','0','sys_user_sex','','','Y','0','admin','2021-12-10 14:12:14','',NULL,'性别男'),(2,2,'女','1','sys_user_sex','','','N','0','admin','2021-12-10 14:12:14','',NULL,'性别女'),(3,3,'未知','2','sys_user_sex','','','N','0','admin','2021-12-10 14:12:14','',NULL,'性别未知'),(4,1,'显示','0','sys_show_hide','','primary','Y','0','admin','2021-12-10 14:12:14','',NULL,'显示菜单'),(5,2,'隐藏','1','sys_show_hide','','danger','N','0','admin','2021-12-10 14:12:14','',NULL,'隐藏菜单'),(6,1,'正常','0','sys_normal_disable','','primary','Y','0','admin','2021-12-10 14:12:14','',NULL,'正常状态'),(7,2,'停用','1','sys_normal_disable','','danger','N','0','admin','2021-12-10 14:12:14','',NULL,'停用状态'),(8,1,'正常','0','sys_job_status','','primary','Y','0','admin','2021-12-10 14:12:14','',NULL,'正常状态'),(9,2,'暂停','1','sys_job_status','','danger','N','0','admin','2021-12-10 14:12:14','',NULL,'停用状态'),(10,1,'默认','DEFAULT','sys_job_group','','','Y','0','admin','2021-12-10 14:12:14','',NULL,'默认分组'),(11,2,'系统','SYSTEM','sys_job_group','','','N','0','admin','2021-12-10 14:12:14','',NULL,'系统分组'),(12,1,'是','Y','sys_yes_no','','primary','Y','0','admin','2021-12-10 14:12:14','',NULL,'系统默认是'),(13,2,'否','N','sys_yes_no','','danger','N','0','admin','2021-12-10 14:12:14','',NULL,'系统默认否'),(14,1,'通知','1','sys_notice_type','','warning','Y','0','admin','2021-12-10 14:12:14','',NULL,'通知'),(15,2,'公告','2','sys_notice_type','','success','N','0','admin','2021-12-10 14:12:14','',NULL,'公告'),(16,1,'正常','0','sys_notice_status','','primary','Y','0','admin','2021-12-10 14:12:14','',NULL,'正常状态'),(17,2,'关闭','1','sys_notice_status','','danger','N','0','admin','2021-12-10 14:12:14','',NULL,'关闭状态'),(18,1,'新增','1','sys_oper_type','','info','N','0','admin','2021-12-10 14:12:14','',NULL,'新增操作'),(19,2,'修改','2','sys_oper_type','','info','N','0','admin','2021-12-10 14:12:14','',NULL,'修改操作'),(20,3,'删除','3','sys_oper_type','','danger','N','0','admin','2021-12-10 14:12:14','',NULL,'删除操作'),(21,4,'授权','4','sys_oper_type','','primary','N','0','admin','2021-12-10 14:12:14','',NULL,'授权操作'),(22,5,'导出','5','sys_oper_type','','warning','N','0','admin','2021-12-10 14:12:14','',NULL,'导出操作'),(23,6,'导入','6','sys_oper_type','','warning','N','0','admin','2021-12-10 14:12:14','',NULL,'导入操作'),(24,7,'强退','7','sys_oper_type','','danger','N','0','admin','2021-12-10 14:12:14','',NULL,'强退操作'),(25,8,'生成代码','8','sys_oper_type','','warning','N','0','admin','2021-12-10 14:12:14','',NULL,'生成操作'),(26,9,'清空数据','9','sys_oper_type','','danger','N','0','admin','2021-12-10 14:12:14','',NULL,'清空操作'),(27,1,'成功','0','sys_common_status','','primary','N','0','admin','2021-12-10 14:12:14','',NULL,'正常状态'),(28,2,'失败','1','sys_common_status','','danger','N','0','admin','2021-12-10 14:12:14','',NULL,'停用状态'),(102,0,'已删除','Y','sys_file_info_del_flag',NULL,'danger','N','0','admin','2021-12-27 22:21:32','admin','2021-12-27 22:23:48',NULL),(103,1,'正常','N','sys_file_info_del_flag',NULL,'success','N','0','admin','2021-12-27 22:22:01','admin','2021-12-27 22:23:55',NULL),(104,0,'暂存','0','cms_blog_status',NULL,'primary','N','0','admin','2022-01-01 22:37:00','admin','2022-01-01 22:37:35',NULL),(105,0,'发布','1','cms_blog_status',NULL,'success','N','0','admin','2022-01-01 22:37:51','',NULL,NULL);

/*Table structure for table `sys_dict_type` */

DROP TABLE IF EXISTS `sys_dict_type`;

CREATE TABLE `sys_dict_type` (
  `dict_id` bigint NOT NULL AUTO_INCREMENT COMMENT '字典主键',
  `dict_name` varchar(100) CHARACTER SET utf8mb4 COLLATE utf8mb4_general_ci DEFAULT '' COMMENT '字典名称',
  `dict_type` varchar(100) CHARACTER SET utf8mb4 COLLATE utf8mb4_general_ci DEFAULT '' COMMENT '字典类型',
  `status` char(1) CHARACTER SET utf8mb4 COLLATE utf8mb4_general_ci DEFAULT '0' COMMENT '状态（0正常 1停用）',
  `create_by` varchar(64) CHARACTER SET utf8mb4 COLLATE utf8mb4_general_ci DEFAULT '' COMMENT '创建者',
  `create_time` datetime DEFAULT NULL COMMENT '创建时间',
  `update_by` varchar(64) CHARACTER SET utf8mb4 COLLATE utf8mb4_general_ci DEFAULT '' COMMENT '更新者',
  `update_time` datetime DEFAULT NULL COMMENT '更新时间',
  `remark` varchar(500) CHARACTER SET utf8mb4 COLLATE utf8mb4_general_ci DEFAULT NULL COMMENT '备注',
  PRIMARY KEY (`dict_id`) USING BTREE,
  UNIQUE KEY `dict_type` (`dict_type`) USING BTREE
) ENGINE=InnoDB AUTO_INCREMENT=103 DEFAULT CHARSET=utf8mb4 COLLATE=utf8mb4_general_ci ROW_FORMAT=DYNAMIC COMMENT='字典类型表';

/*Data for the table `sys_dict_type` */

insert  into `sys_dict_type`(`dict_id`,`dict_name`,`dict_type`,`status`,`create_by`,`create_time`,`update_by`,`update_time`,`remark`) values (1,'用户性别','sys_user_sex','0','admin','2021-12-10 14:12:14','',NULL,'用户性别列表'),(2,'菜单状态','sys_show_hide','0','admin','2021-12-10 14:12:14','',NULL,'菜单状态列表'),(3,'系统开关','sys_normal_disable','0','admin','2021-12-10 14:12:14','',NULL,'系统开关列表'),(4,'任务状态','sys_job_status','0','admin','2021-12-10 14:12:14','',NULL,'任务状态列表'),(5,'任务分组','sys_job_group','0','admin','2021-12-10 14:12:14','',NULL,'任务分组列表'),(6,'系统是否','sys_yes_no','0','admin','2021-12-10 14:12:14','',NULL,'系统是否列表'),(7,'通知类型','sys_notice_type','0','admin','2021-12-10 14:12:14','',NULL,'通知类型列表'),(8,'通知状态','sys_notice_status','0','admin','2021-12-10 14:12:14','',NULL,'通知状态列表'),(9,'操作类型','sys_oper_type','0','admin','2021-12-10 14:12:14','',NULL,'操作类型列表'),(10,'系统状态','sys_common_status','0','admin','2021-12-10 14:12:14','',NULL,'登录状态列表'),(101,'文件状态','sys_file_info_del_flag','0','admin','2021-12-27 22:20:51','admin','2021-12-27 22:21:04','是否删除'),(102,'内容状态','cms_blog_status','0','admin','2022-01-01 22:36:30','',NULL,'暂存或发布');

/*Table structure for table `sys_file_info` */

DROP TABLE IF EXISTS `sys_file_info`;

CREATE TABLE `sys_file_info` (
  `file_id` bigint NOT NULL AUTO_INCREMENT COMMENT '文件主键id',
  `file_origin_name` varchar(255) CHARACTER SET utf8mb4 COLLATE utf8mb4_unicode_ci NOT NULL COMMENT '文件名称',
  `file_suffix` varchar(255) CHARACTER SET utf8mb4 COLLATE utf8mb4_unicode_ci DEFAULT NULL COMMENT '文件类型，例如txt',
  `file_size_info` varchar(255) CHARACTER SET utf8mb4 COLLATE utf8mb4_unicode_ci DEFAULT NULL COMMENT '文件大小',
  `file_object_name` varchar(255) CHARACTER SET utf8mb4 COLLATE utf8mb4_unicode_ci DEFAULT NULL COMMENT '存储文件名称',
  `file_path` varchar(255) CHARACTER SET utf8mb4 COLLATE utf8mb4_unicode_ci DEFAULT NULL COMMENT '存储路径',
  `del_flag` char(1) CHARACTER SET utf8mb3 COLLATE utf8mb3_general_ci NOT NULL DEFAULT 'N' COMMENT '是否删除：Y-被删除，N-未删除',
  `create_by` varchar(64) CHARACTER SET utf8mb4 COLLATE utf8mb4_general_ci DEFAULT '' COMMENT '创建者',
  `create_time` datetime DEFAULT NULL COMMENT '创建时间',
  `update_by` varchar(64) CHARACTER SET utf8mb4 COLLATE utf8mb4_general_ci DEFAULT '' COMMENT '更新者',
  `update_time` datetime DEFAULT NULL COMMENT '更新时间',
  PRIMARY KEY (`file_id`) USING BTREE
) ENGINE=InnoDB AUTO_INCREMENT=49 DEFAULT CHARSET=utf8mb4 COLLATE=utf8mb4_general_ci ROW_FORMAT=DYNAMIC COMMENT='文件信息表';

/*Data for the table `sys_file_info` */

insert  into `sys_file_info`(`file_id`,`file_origin_name`,`file_suffix`,`file_size_info`,`file_object_name`,`file_path`,`del_flag`,`create_by`,`create_time`,`update_by`,`update_time`) values (39,'img_1.png','png','1.63 MB','e8e540dc-7a5b-4ae3-bab3-96ff64b57c79.png','/profile/upload/2023/10/13/e8e540dc-7a5b-4ae3-bab3-96ff64b57c79.png','N','若依','2023-10-13 09:09:53','',NULL),(41,'img_1.png','png','1.63 MB','aa33575c-307a-4149-a356-534d824d6e19.png','/profile/upload/2023/10/13/aa33575c-307a-4149-a356-534d824d6e19.png','N','若依','2023-10-13 09:11:45','',NULL),(42,'QQ截图20231013142848.png','png','438.92 kB','39a0fe2a-8959-403f-8bf8-10e1602ea393.png','/profile/upload/2023/10/13/39a0fe2a-8959-403f-8bf8-10e1602ea393.png','N','admin','2023-10-13 14:29:15','',NULL),(43,'QQ截图20231013143727.png','png','470.17 kB','5894e503-03a4-4f51-bd84-a08b2168eba8.png','/profile/upload/2023/10/13/5894e503-03a4-4f51-bd84-a08b2168eba8.png','N','admin','2023-10-13 14:38:21','',NULL),(44,'1-200F11512358.jpg','jpg','97.82 kB','a5751a7e-b235-4ebe-8093-59d2aa2c86f7.jpg','/profile/upload/2023/10/13/a5751a7e-b235-4ebe-8093-59d2aa2c86f7.jpg','N','admin','2023-10-13 14:45:33','',NULL),(45,'QQ截图20231013145422.png','png','321.96 kB','552af646-ce12-4bfa-beda-f3ca975e6246.png','/profile/upload/2023/10/13/552af646-ce12-4bfa-beda-f3ca975e6246.png','N','admin','2023-10-13 14:55:35','',NULL),(46,'QQ截图20231013150223.png','png','296.72 kB','5bd70aba-6df9-4187-98fc-389dcb54ad54.png','/profile/upload/2023/10/13/5bd70aba-6df9-4187-98fc-389dcb54ad54.png','N','admin','2023-10-13 15:03:33','',NULL),(47,'QQ截图20231013151405.png','png','365.93 kB','555eee4a-7030-426d-940a-4aa6c06abe51.png','/profile/upload/2023/10/13/555eee4a-7030-426d-940a-4aa6c06abe51.png','N','admin','2023-10-13 15:14:29','',NULL),(48,'QQ截图20231013151655.png','png','811.72 kB','99ec1648-e2cd-4a32-b241-e59c4c5a27ce.png','/profile/upload/2023/10/13/99ec1648-e2cd-4a32-b241-e59c4c5a27ce.png','N','admin','2023-10-13 15:17:20','',NULL);

/*Table structure for table `sys_job` */

DROP TABLE IF EXISTS `sys_job`;

CREATE TABLE `sys_job` (
  `job_id` bigint NOT NULL AUTO_INCREMENT COMMENT '任务ID',
  `job_name` varchar(64) CHARACTER SET utf8mb4 COLLATE utf8mb4_general_ci NOT NULL DEFAULT '' COMMENT '任务名称',
  `job_group` varchar(64) CHARACTER SET utf8mb4 COLLATE utf8mb4_general_ci NOT NULL DEFAULT 'DEFAULT' COMMENT '任务组名',
  `invoke_target` varchar(500) CHARACTER SET utf8mb4 COLLATE utf8mb4_general_ci NOT NULL COMMENT '调用目标字符串',
  `cron_expression` varchar(255) CHARACTER SET utf8mb4 COLLATE utf8mb4_general_ci DEFAULT '' COMMENT 'cron执行表达式',
  `misfire_policy` varchar(20) CHARACTER SET utf8mb4 COLLATE utf8mb4_general_ci DEFAULT '3' COMMENT '计划执行错误策略（1立即执行 2执行一次 3放弃执行）',
  `concurrent` char(1) CHARACTER SET utf8mb4 COLLATE utf8mb4_general_ci DEFAULT '1' COMMENT '是否并发执行（0允许 1禁止）',
  `status` char(1) CHARACTER SET utf8mb4 COLLATE utf8mb4_general_ci DEFAULT '0' COMMENT '状态（0正常 1暂停）',
  `create_by` varchar(64) CHARACTER SET utf8mb4 COLLATE utf8mb4_general_ci DEFAULT '' COMMENT '创建者',
  `create_time` datetime DEFAULT NULL COMMENT '创建时间',
  `update_by` varchar(64) CHARACTER SET utf8mb4 COLLATE utf8mb4_general_ci DEFAULT '' COMMENT '更新者',
  `update_time` datetime DEFAULT NULL COMMENT '更新时间',
  `remark` varchar(500) CHARACTER SET utf8mb4 COLLATE utf8mb4_general_ci DEFAULT '' COMMENT '备注信息',
  PRIMARY KEY (`job_id`,`job_name`,`job_group`) USING BTREE
) ENGINE=InnoDB AUTO_INCREMENT=4 DEFAULT CHARSET=utf8mb4 COLLATE=utf8mb4_general_ci ROW_FORMAT=DYNAMIC COMMENT='定时任务调度表';

/*Data for the table `sys_job` */

insert  into `sys_job`(`job_id`,`job_name`,`job_group`,`invoke_target`,`cron_expression`,`misfire_policy`,`concurrent`,`status`,`create_by`,`create_time`,`update_by`,`update_time`,`remark`) values (1,'系统默认（无参）','DEFAULT','ryTask.ryNoParams','0/10 * * * * ?','3','1','1','admin','2021-12-10 14:12:14','',NULL,''),(2,'系统默认（有参）','DEFAULT','ryTask.ryParams(\'ry\')','0/15 * * * * ?','3','1','1','admin','2021-12-10 14:12:14','',NULL,''),(3,'系统默认（多参）','DEFAULT','ryTask.ryMultipleParams(\'ry\', true, 2000L, 316.50D, 100)','0/20 * * * * ?','3','1','1','admin','2021-12-10 14:12:14','',NULL,'');

/*Table structure for table `sys_job_log` */

DROP TABLE IF EXISTS `sys_job_log`;

CREATE TABLE `sys_job_log` (
  `job_log_id` bigint NOT NULL AUTO_INCREMENT COMMENT '任务日志ID',
  `job_name` varchar(64) CHARACTER SET utf8mb4 COLLATE utf8mb4_general_ci NOT NULL COMMENT '任务名称',
  `job_group` varchar(64) CHARACTER SET utf8mb4 COLLATE utf8mb4_general_ci NOT NULL COMMENT '任务组名',
  `invoke_target` varchar(500) CHARACTER SET utf8mb4 COLLATE utf8mb4_general_ci NOT NULL COMMENT '调用目标字符串',
  `job_message` varchar(500) CHARACTER SET utf8mb4 COLLATE utf8mb4_general_ci DEFAULT NULL COMMENT '日志信息',
  `status` char(1) CHARACTER SET utf8mb4 COLLATE utf8mb4_general_ci DEFAULT '0' COMMENT '执行状态（0正常 1失败）',
  `exception_info` varchar(2000) CHARACTER SET utf8mb4 COLLATE utf8mb4_general_ci DEFAULT '' COMMENT '异常信息',
  `create_time` datetime DEFAULT NULL COMMENT '创建时间',
  PRIMARY KEY (`job_log_id`) USING BTREE
) ENGINE=InnoDB DEFAULT CHARSET=utf8mb4 COLLATE=utf8mb4_general_ci ROW_FORMAT=DYNAMIC COMMENT='定时任务调度日志表';

/*Data for the table `sys_job_log` */

/*Table structure for table `sys_logininfor` */

DROP TABLE IF EXISTS `sys_logininfor`;

CREATE TABLE `sys_logininfor` (
  `info_id` bigint NOT NULL AUTO_INCREMENT COMMENT '访问ID',
  `user_name` varchar(50) CHARACTER SET utf8mb4 COLLATE utf8mb4_general_ci DEFAULT '' COMMENT '用户账号',
  `ipaddr` varchar(128) CHARACTER SET utf8mb4 COLLATE utf8mb4_general_ci DEFAULT '' COMMENT '登录IP地址',
  `login_location` varchar(255) CHARACTER SET utf8mb4 COLLATE utf8mb4_general_ci DEFAULT '' COMMENT '登录地点',
  `browser` varchar(50) CHARACTER SET utf8mb4 COLLATE utf8mb4_general_ci DEFAULT '' COMMENT '浏览器类型',
  `os` varchar(50) CHARACTER SET utf8mb4 COLLATE utf8mb4_general_ci DEFAULT '' COMMENT '操作系统',
  `status` char(1) CHARACTER SET utf8mb4 COLLATE utf8mb4_general_ci DEFAULT '0' COMMENT '登录状态（0成功 1失败）',
  `msg` varchar(255) CHARACTER SET utf8mb4 COLLATE utf8mb4_general_ci DEFAULT '' COMMENT '提示消息',
  `login_time` datetime DEFAULT NULL COMMENT '访问时间',
  PRIMARY KEY (`info_id`) USING BTREE
) ENGINE=InnoDB AUTO_INCREMENT=232 DEFAULT CHARSET=utf8mb4 COLLATE=utf8mb4_general_ci ROW_FORMAT=DYNAMIC COMMENT='系统访问记录';

/*Data for the table `sys_logininfor` */

insert  into `sys_logininfor`(`info_id`,`user_name`,`ipaddr`,`login_location`,`browser`,`os`,`status`,`msg`,`login_time`) values (1,'admin','127.0.0.1','内网IP','Chrome 12','Windows 10','0','退出成功','2024-04-11 17:58:44'),(2,'源人','127.0.0.1','内网IP','Chrome 12','Windows 10','1','登录用户：源人 不存在','2024-04-11 17:58:55'),(3,'若依','127.0.0.1','内网IP','Chrome 12','Windows 10','1','用户不存在/密码错误','2024-04-11 17:59:49'),(4,'若依','127.0.0.1','内网IP','Chrome 12','Windows 10','0','登录成功','2024-04-11 17:59:56'),(5,'若依','127.0.0.1','内网IP','Chrome 12','Windows 10','0','退出成功','2024-04-11 18:03:31'),(6,'admin','127.0.0.1','内网IP','Chrome 12','Windows 10','0','登录成功','2024-04-11 18:03:41'),(7,'admin','127.0.0.1','内网IP','Chrome 12','Windows 10','0','退出成功','2024-04-11 18:07:11'),(8,'lixinyuan','127.0.0.1','内网IP','Chrome 12','Windows 10','1','用户不存在/密码错误','2024-04-11 18:07:27'),(9,'lixinyuan','127.0.0.1','内网IP','Chrome 12','Windows 10','1','用户不存在/密码错误','2024-04-11 18:07:34'),(10,'源人','127.0.0.1','内网IP','Chrome 12','Windows 10','0','注册成功','2024-04-11 18:07:58'),(11,'yuanren','127.0.0.1','内网IP','Chrome 12','Windows 10','1','验证码错误','2024-04-11 18:08:08'),(12,'yuanren','127.0.0.1','内网IP','Chrome 12','Windows 10','1','用户不存在/密码错误','2024-04-11 18:08:12'),(13,'yuanren','127.0.0.1','内网IP','Chrome 12','Windows 10','0','登录成功','2024-04-11 18:08:25'),(14,'yuanren','127.0.0.1','内网IP','Chrome 12','Windows 10','0','退出成功','2024-04-11 18:08:59'),(15,'admin','127.0.0.1','内网IP','Chrome 12','Windows 10','1','用户不存在/密码错误','2024-04-11 18:09:03'),(16,'admin','127.0.0.1','内网IP','Chrome 12','Windows 10','1','用户不存在/密码错误','2024-04-11 18:09:07'),(17,'admin','127.0.0.1','内网IP','Chrome 12','Windows 10','0','登录成功','2024-04-11 18:09:13'),(18,'admin','127.0.0.1','内网IP','Chrome 12','Windows 10','0','退出成功','2024-04-11 18:10:29'),(19,'yuanren','127.0.0.1','内网IP','Chrome 12','Windows 10','0','登录成功','2024-04-11 18:10:38'),(20,'yuanren','127.0.0.1','内网IP','Chrome 12','Windows 10','0','退出成功','2024-04-11 18:11:52'),(21,'admin','127.0.0.1','内网IP','Chrome 12','Windows 10','0','登录成功','2024-04-11 18:12:02'),(168,'admin','127.0.0.1','内网IP','Chrome 12','Windows 10','0','登录成功','2024-06-13 18:24:44'),(169,'admin','127.0.0.1','内网IP','Chrome 12','Windows 10','0','退出成功','2024-06-13 18:29:22'),(170,'admin','127.0.0.1','内网IP','Chrome 12','Windows 10','0','登录成功','2024-06-13 18:30:06'),(171,'admin','127.0.0.1','内网IP','Chrome 12','Windows 10','0','退出成功','2024-06-13 18:48:59'),(172,'yuanren','127.0.0.1','内网IP','Chrome 12','Windows 10','0','登录成功','2024-06-13 18:50:34'),(173,'yuanren','127.0.0.1','内网IP','Chrome 12','Windows 10','0','退出成功','2024-06-13 18:52:20'),(174,'admin','127.0.0.1','内网IP','Chrome 12','Windows 10','0','登录成功','2024-06-13 18:52:26'),(175,'admin','127.0.0.1','内网IP','Chrome 12','Windows 10','0','退出成功','2024-06-13 18:53:15'),(176,'yuanren','127.0.0.1','内网IP','Chrome 12','Windows 10','0','登录成功','2024-06-13 18:53:33'),(177,'yuanren','127.0.0.1','内网IP','Chrome 12','Windows 10','0','退出成功','2024-06-13 18:55:15'),(178,'admin','127.0.0.1','内网IP','Chrome 12','Windows 10','1','验证码已失效','2024-06-13 18:58:03'),(179,'admin','127.0.0.1','内网IP','Chrome 12','Windows 10','1','用户不存在/密码错误','2024-06-13 18:58:06'),(180,'admin','127.0.0.1','内网IP','Chrome 12','Windows 10','1','验证码错误','2024-06-13 18:58:09'),(181,'admin','127.0.0.1','内网IP','Chrome 12','Windows 10','0','登录成功','2024-06-13 18:58:16'),(182,'admin','127.0.0.1','内网IP','Chrome 12','Windows 10','0','退出成功','2024-06-13 18:59:41'),(183,'yuanren','127.0.0.1','内网IP','Chrome 12','Windows 10','0','登录成功','2024-06-13 18:59:56'),(184,'admin','127.0.0.1','内网IP','Chrome 12','Windows 10','0','登录成功','2024-06-13 19:36:43'),(185,'admin','127.0.0.1','内网IP','Chrome 12','Windows 10','0','退出成功','2024-06-13 19:41:41'),(186,'yuanren','127.0.0.1','内网IP','Chrome 12','Windows 10','0','登录成功','2024-06-13 19:42:01'),(187,'yuanren','127.0.0.1','内网IP','Chrome 12','Windows 10','0','退出成功','2024-06-13 19:42:34'),(188,'admin','127.0.0.1','内网IP','Chrome 12','Windows 10','0','登录成功','2024-06-13 19:42:43'),(189,'admin','127.0.0.1','内网IP','Chrome 12','Windows 10','0','退出成功','2024-06-13 19:43:30'),(190,'yuanren','127.0.0.1','内网IP','Chrome 12','Windows 10','1','验证码错误','2024-06-13 19:43:45'),(191,'yuanren','127.0.0.1','内网IP','Chrome 12','Windows 10','0','登录成功','2024-06-13 19:43:55'),(192,'yuanren','127.0.0.1','内网IP','Chrome 12','Windows 10','0','退出成功','2024-06-13 19:44:16'),(193,'admin','127.0.0.1','内网IP','Chrome 12','Windows 10','0','登录成功','2024-06-13 19:44:25'),(194,'admin','127.0.0.1','内网IP','Chrome 12','Windows 10','0','退出成功','2024-06-13 19:45:41'),(195,'yuanren','127.0.0.1','内网IP','Chrome 12','Windows 10','0','登录成功','2024-06-13 19:45:54'),(196,'yuanren','127.0.0.1','内网IP','Chrome 12','Windows 10','0','退出成功','2024-06-13 19:46:32'),(197,'admin','127.0.0.1','内网IP','Chrome 12','Windows 10','1','验证码错误','2024-06-13 19:46:41'),(198,'admin','127.0.0.1','内网IP','Chrome 12','Windows 10','0','登录成功','2024-06-13 19:46:46'),(199,'admin','127.0.0.1','内网IP','Chrome 12','Windows 10','0','退出成功','2024-06-13 19:48:32'),(200,'yuanren','127.0.0.1','内网IP','Chrome 12','Windows 10','0','登录成功','2024-06-13 19:48:45'),(201,'yuanren','127.0.0.1','内网IP','Chrome 12','Windows 10','0','退出成功','2024-06-13 19:49:28'),(202,'admin','127.0.0.1','内网IP','Chrome 12','Windows 10','1','验证码错误','2024-06-13 19:49:34'),(203,'admin','127.0.0.1','内网IP','Chrome 12','Windows 10','0','登录成功','2024-06-13 19:49:41'),(204,'yuanren','127.0.0.1','内网IP','Chrome 12','Windows 10','0','登录成功','2024-06-13 23:16:33'),(205,'yuanren','127.0.0.1','内网IP','Chrome 12','Windows 10','0','退出成功','2024-06-13 23:17:13'),(206,'admin','127.0.0.1','内网IP','Chrome 12','Windows 10','1','验证码错误','2024-06-13 23:17:20'),(207,'admin','127.0.0.1','内网IP','Chrome 12','Windows 10','0','登录成功','2024-06-13 23:17:26'),(208,'admin','127.0.0.1','内网IP','Chrome 12','Windows 10','0','退出成功','2024-06-13 23:18:57'),(209,'admin','127.0.0.1','内网IP','Chrome 12','Windows 10','0','登录成功','2024-06-13 23:19:27'),(210,'admin','127.0.0.1','内网IP','Chrome 12','Windows 10','0','退出成功','2024-06-13 23:19:33'),(211,'yuanren','127.0.0.1','内网IP','Chrome 12','Windows 10','0','登录成功','2024-06-13 23:19:44'),(212,'yuanren','127.0.0.1','内网IP','Chrome 12','Windows 10','0','退出成功','2024-06-13 23:20:11'),(213,'admin','127.0.0.1','内网IP','Chrome 12','Windows 10','0','登录成功','2024-06-13 23:20:17'),(214,'admin','127.0.0.1','内网IP','Chrome 12','Windows 10','0','退出成功','2024-06-13 23:20:50'),(215,'yuanren','127.0.0.1','内网IP','Chrome 12','Windows 10','0','登录成功','2024-06-13 23:20:58'),(216,'yuanren','127.0.0.1','内网IP','Chrome 12','Windows 10','0','退出成功','2024-06-13 23:22:22'),(217,'admin','127.0.0.1','内网IP','Chrome 12','Windows 10','0','登录成功','2024-06-13 23:22:53'),(218,'admin','127.0.0.1','内网IP','Chrome 12','Windows 10','0','退出成功','2024-06-13 23:24:53'),(219,'yuanren','127.0.0.1','内网IP','Chrome 12','Windows 10','1','验证码已失效','2024-06-13 23:27:27'),(220,'yuanren','127.0.0.1','内网IP','Chrome 12','Windows 10','0','登录成功','2024-06-13 23:27:31'),(221,'admin','127.0.0.1','内网IP','Chrome 12','Windows 10','0','登录成功','2024-06-30 14:56:34'),(222,'admin','127.0.0.1','内网IP','Chrome 12','Windows 10','0','退出成功','2024-06-30 14:59:57'),(223,'admin','127.0.0.1','内网IP','Chrome 12','Windows 10','0','登录成功','2024-06-30 15:00:06'),(224,'admin','127.0.0.1','内网IP','Chrome 12','Windows 10','1','用户不存在/密码错误','2024-06-30 18:50:09'),(225,'admin','127.0.0.1','内网IP','Chrome 12','Windows 10','1','用户不存在/密码错误','2024-06-30 18:50:17'),(226,'admin','127.0.0.1','内网IP','Chrome 12','Windows 10','1','用户不存在/密码错误','2024-06-30 18:50:36'),(227,'admin','127.0.0.1','内网IP','Chrome 12','Windows 10','0','登录成功','2024-06-30 18:51:22'),(228,'admin','127.0.0.1','内网IP','Chrome 12','Windows 10','0','退出成功','2024-06-30 19:14:34'),(229,'admin','127.0.0.1','内网IP','Chrome 12','Windows 10','1','验证码错误','2024-06-30 22:37:19'),(230,'admin','127.0.0.1','内网IP','Chrome 12','Windows 10','1','验证码错误','2024-06-30 22:37:22'),(231,'admin','127.0.0.1','内网IP','Chrome 12','Windows 10','0','登录成功','2024-06-30 22:37:24');

/*Table structure for table `sys_menu` */

DROP TABLE IF EXISTS `sys_menu`;

CREATE TABLE `sys_menu` (
  `menu_id` bigint NOT NULL AUTO_INCREMENT COMMENT '菜单ID',
  `menu_name` varchar(50) CHARACTER SET utf8mb4 COLLATE utf8mb4_general_ci NOT NULL COMMENT '菜单名称',
  `parent_id` bigint DEFAULT '0' COMMENT '父菜单ID',
  `order_num` int DEFAULT '0' COMMENT '显示顺序',
  `path` varchar(200) CHARACTER SET utf8mb4 COLLATE utf8mb4_general_ci DEFAULT '' COMMENT '路由地址',
  `component` varchar(255) CHARACTER SET utf8mb4 COLLATE utf8mb4_general_ci DEFAULT NULL COMMENT '组件路径',
  `query` varchar(255) CHARACTER SET utf8mb4 COLLATE utf8mb4_general_ci DEFAULT NULL COMMENT '路由参数',
  `is_frame` int DEFAULT '1' COMMENT '是否为外链（0是 1否）',
  `is_cache` int DEFAULT '0' COMMENT '是否缓存（0缓存 1不缓存）',
  `menu_type` char(1) CHARACTER SET utf8mb4 COLLATE utf8mb4_general_ci DEFAULT '' COMMENT '菜单类型（M目录 C菜单 F按钮）',
  `visible` char(1) CHARACTER SET utf8mb4 COLLATE utf8mb4_general_ci DEFAULT '0' COMMENT '菜单状态（0显示 1隐藏）',
  `status` char(1) CHARACTER SET utf8mb4 COLLATE utf8mb4_general_ci DEFAULT '0' COMMENT '菜单状态（0正常 1停用）',
  `perms` varchar(100) CHARACTER SET utf8mb4 COLLATE utf8mb4_general_ci DEFAULT NULL COMMENT '权限标识',
  `icon` varchar(100) CHARACTER SET utf8mb4 COLLATE utf8mb4_general_ci DEFAULT '#' COMMENT '菜单图标',
  `create_by` varchar(64) CHARACTER SET utf8mb4 COLLATE utf8mb4_general_ci DEFAULT '' COMMENT '创建者',
  `create_time` datetime DEFAULT NULL COMMENT '创建时间',
  `update_by` varchar(64) CHARACTER SET utf8mb4 COLLATE utf8mb4_general_ci DEFAULT '' COMMENT '更新者',
  `update_time` datetime DEFAULT NULL COMMENT '更新时间',
  `remark` varchar(500) CHARACTER SET utf8mb4 COLLATE utf8mb4_general_ci DEFAULT '' COMMENT '备注',
  PRIMARY KEY (`menu_id`) USING BTREE
) ENGINE=InnoDB AUTO_INCREMENT=2074 DEFAULT CHARSET=utf8mb4 COLLATE=utf8mb4_general_ci ROW_FORMAT=DYNAMIC COMMENT='菜单权限表';

/*Data for the table `sys_menu` */

insert  into `sys_menu`(`menu_id`,`menu_name`,`parent_id`,`order_num`,`path`,`component`,`query`,`is_frame`,`is_cache`,`menu_type`,`visible`,`status`,`perms`,`icon`,`create_by`,`create_time`,`update_by`,`update_time`,`remark`) values (1,'系统管理',0,1,'system',NULL,'',1,0,'M','0','0','','system','admin','2021-12-10 14:12:14','',NULL,'系统管理目录'),(4,'博客官网',0,4,'http://localhost:8081/cms/main/cmsIndex',NULL,'',0,0,'M','0','0','','guide','admin','2021-12-10 14:12:14','admin','2024-06-13 18:36:26','若依官网地址'),(101,'角色管理',1,4,'role','system/role/index','',1,0,'C','0','0','system:role:list','peoples','admin','2021-12-10 14:12:14','admin','2021-12-10 15:43:58','角色管理菜单'),(102,'菜单管理',1,5,'menu','system/menu/index','',1,0,'C','0','0','system:menu:list','tree-table','admin','2021-12-10 14:12:14','admin','2021-12-10 15:44:17','菜单管理菜单'),(106,'参数设置',1,7,'config','system/config/index','',1,0,'C','0','0','system:config:list','edit','admin','2021-12-10 14:12:14','',NULL,'参数设置菜单'),(107,'通知公告',1,8,'notice','system/notice/index','',1,0,'C','0','0','system:notice:list','message','admin','2021-12-10 14:12:14','',NULL,'通知公告菜单'),(1008,'角色查询',101,1,'','','',1,0,'F','0','0','system:role:query','#','admin','2021-12-10 14:12:14','',NULL,''),(1009,'角色新增',101,2,'','','',1,0,'F','0','0','system:role:add','#','admin','2021-12-10 14:12:14','',NULL,''),(1010,'角色修改',101,3,'','','',1,0,'F','0','0','system:role:edit','#','admin','2021-12-10 14:12:14','',NULL,''),(1011,'角色删除',101,4,'','','',1,0,'F','0','0','system:role:remove','#','admin','2021-12-10 14:12:14','',NULL,''),(1012,'角色导出',101,5,'','','',1,0,'F','0','0','system:role:export','#','admin','2021-12-10 14:12:14','',NULL,''),(1013,'菜单查询',102,1,'','','',1,0,'F','0','0','system:menu:query','#','admin','2021-12-10 14:12:14','',NULL,''),(1014,'菜单新增',102,2,'','','',1,0,'F','0','0','system:menu:add','#','admin','2021-12-10 14:12:14','',NULL,''),(1015,'菜单修改',102,3,'','','',1,0,'F','0','0','system:menu:edit','#','admin','2021-12-10 14:12:14','',NULL,''),(1016,'菜单删除',102,4,'','','',1,0,'F','0','0','system:menu:remove','#','admin','2021-12-10 14:12:14','',NULL,''),(1031,'参数查询',106,1,'#','','',1,0,'F','0','0','system:config:query','#','admin','2021-12-10 14:12:14','',NULL,''),(1032,'参数新增',106,2,'#','','',1,0,'F','0','0','system:config:add','#','admin','2021-12-10 14:12:14','',NULL,''),(1033,'参数修改',106,3,'#','','',1,0,'F','0','0','system:config:edit','#','admin','2021-12-10 14:12:14','',NULL,''),(1034,'参数删除',106,4,'#','','',1,0,'F','0','0','system:config:remove','#','admin','2021-12-10 14:12:14','',NULL,''),(1035,'参数导出',106,5,'#','','',1,0,'F','0','0','system:config:export','#','admin','2021-12-10 14:12:14','',NULL,''),(1036,'公告查询',107,1,'#','','',1,0,'F','0','0','system:notice:query','#','admin','2021-12-10 14:12:14','',NULL,''),(1037,'公告新增',107,2,'#','','',1,0,'F','0','0','system:notice:add','#','admin','2021-12-10 14:12:14','',NULL,''),(1038,'公告修改',107,3,'#','','',1,0,'F','0','0','system:notice:edit','#','admin','2021-12-10 14:12:14','',NULL,''),(1039,'公告删除',107,4,'#','','',1,0,'F','0','0','system:notice:remove','#','admin','2021-12-10 14:12:14','',NULL,''),(2007,'内容管理',0,1,'cms',NULL,NULL,1,0,'M','0','0',NULL,'documentation','admin','2021-12-20 14:53:48','',NULL,''),(2026,'文件管理',2007,8,'fileInfo','cms/fileInfo/index',NULL,1,0,'C','0','0','cms:fileInfo:list','#','admin','2021-12-27 22:29:53','admin','2022-01-21 10:28:14','文件管理菜单'),(2027,'文件管理查询',2026,1,'#','',NULL,1,0,'F','0','0','cms:fileInfo:query','#','admin','2021-12-27 22:29:53','',NULL,''),(2028,'文件管理新增',2026,2,'#','',NULL,1,0,'F','0','0','cms:fileInfo:add','#','admin','2021-12-27 22:29:53','',NULL,''),(2029,'文件管理修改',2026,3,'#','',NULL,1,0,'F','0','0','cms:fileInfo:edit','#','admin','2021-12-27 22:29:53','',NULL,''),(2030,'文件管理删除',2026,4,'#','',NULL,1,0,'F','0','0','cms:fileInfo:remove','#','admin','2021-12-27 22:29:53','',NULL,''),(2031,'文件管理导出',2026,5,'#','',NULL,1,0,'F','0','0','cms:fileInfo:export','#','admin','2021-12-27 22:29:53','',NULL,''),(2032,'文章管理',2007,1,'blog','cms/blog/index',NULL,1,0,'C','0','0','cms:blog:list','#','admin','2022-01-01 22:25:42','',NULL,'文章管理菜单'),(2033,'文章管理查询',2032,1,'#','',NULL,1,0,'F','0','0','cms:blog:query','#','admin','2022-01-01 22:25:42','',NULL,''),(2034,'文章管理新增',2032,2,'#','',NULL,1,0,'F','0','0','cms:blog:add','#','admin','2022-01-01 22:25:42','',NULL,''),(2035,'文章管理修改',2032,3,'#','',NULL,1,0,'F','0','0','cms:blog:edit','#','admin','2022-01-01 22:25:42','',NULL,''),(2036,'文章管理删除',2032,4,'#','',NULL,1,0,'F','0','0','cms:blog:remove','#','admin','2022-01-01 22:25:42','',NULL,''),(2037,'文章管理导出',2032,5,'#','',NULL,1,0,'F','0','0','cms:blog:export','#','admin','2022-01-01 22:25:42','',NULL,''),(2038,'随笔管理',2007,2,'essay','cms/blog/essay',NULL,1,0,'C','0','0','cms:blog:list','#','admin','2022-01-02 02:48:37','',NULL,'随笔管理菜单'),(2039,'随笔管理查询',2038,1,'#','',NULL,1,0,'F','0','0','cms:blog:query','#','admin','2022-01-02 02:48:37','',NULL,''),(2040,'随笔管理新增',2038,2,'#','',NULL,1,0,'F','0','0','cms:blog:add','#','admin','2022-01-02 02:48:37','',NULL,''),(2041,'随笔管理修改',2038,3,'#','',NULL,1,0,'F','0','0','cms:blog:edit','#','admin','2022-01-02 02:48:37','',NULL,''),(2042,'随笔管理删除',2038,4,'#','',NULL,1,0,'F','0','0','cms:blog:remove','#','admin','2022-01-02 02:48:37','',NULL,''),(2043,'随笔管理导出',2038,5,'#','',NULL,1,0,'F','0','0','cms:blog:export','#','admin','2022-01-02 02:48:37','',NULL,''),(2044,'文档管理',2007,3,'doucuments','cms/blog/doucuments',NULL,1,0,'C','0','1','cms:blog:list','#','admin','2022-01-02 02:58:41','admin','2022-02-08 18:01:09','文档管理菜单'),(2045,'文档管理查询',2044,1,'#','',NULL,1,0,'F','0','0','cms:blog:query','#','admin','2022-01-02 02:58:41','',NULL,''),(2046,'文档管理新增',2044,2,'#','',NULL,1,0,'F','0','0','cms:blog:add','#','admin','2022-01-02 02:58:41','',NULL,''),(2047,'文档管理修改',2044,3,'#','',NULL,1,0,'F','0','0','cms:blog:edit','#','admin','2022-01-02 02:58:41','',NULL,''),(2048,'文档管理删除',2044,4,'#','',NULL,1,0,'F','0','0','cms:blog:remove','#','admin','2022-01-02 02:58:41','',NULL,''),(2049,'文档管理导出',2044,5,'#','',NULL,1,0,'F','0','0','cms:blog:export','#','admin','2022-01-02 02:58:41','',NULL,''),(2050,'标签管理',2007,5,'tag','cms/tag/index',NULL,1,0,'C','0','0','cms:tag:list','#','admin','2022-01-02 14:51:38','admin','2022-01-02 14:52:31','标签管理菜单'),(2051,'标签管理查询',2050,1,'#','',NULL,1,0,'F','0','0','cms:tag:query','#','admin','2022-01-02 14:51:38','',NULL,''),(2052,'标签管理新增',2050,2,'#','',NULL,1,0,'F','0','0','cms:tag:add','#','admin','2022-01-02 14:51:38','',NULL,''),(2053,'标签管理修改',2050,3,'#','',NULL,1,0,'F','0','0','cms:tag:edit','#','admin','2022-01-02 14:51:38','',NULL,''),(2054,'标签管理删除',2050,4,'#','',NULL,1,0,'F','0','0','cms:tag:remove','#','admin','2022-01-02 14:51:38','',NULL,''),(2055,'标签管理导出',2050,5,'#','',NULL,1,0,'F','0','0','cms:tag:export','#','admin','2022-01-02 14:51:38','',NULL,''),(2056,'分类管理',2007,4,'type','cms/type/index',NULL,1,0,'C','0','0','cms:type:list','#','admin','2022-01-02 15:04:23','admin','2022-01-02 15:05:03','分类管理菜单'),(2057,'分类管理查询',2056,1,'#','',NULL,1,0,'F','0','0','cms:type:query','#','admin','2022-01-02 15:04:23','',NULL,''),(2058,'分类管理新增',2056,2,'#','',NULL,1,0,'F','0','0','cms:type:add','#','admin','2022-01-02 15:04:23','',NULL,''),(2059,'分类管理修改',2056,3,'#','',NULL,1,0,'F','0','0','cms:type:edit','#','admin','2022-01-02 15:04:23','',NULL,''),(2060,'分类管理删除',2056,4,'#','',NULL,1,0,'F','0','0','cms:type:remove','#','admin','2022-01-02 15:04:23','',NULL,''),(2061,'分类管理导出',2056,5,'#','',NULL,1,0,'F','0','0','cms:type:export','#','admin','2022-01-02 15:04:23','',NULL,''),(2062,'留言管理',2007,6,'message','cms/message/index',NULL,1,0,'C','0','0','cms:message:list','#','admin','2022-01-15 13:47:29','admin','2022-01-15 13:49:11','留言管理菜单'),(2063,'留言管理查询',2062,1,'#','',NULL,1,0,'F','0','0','cms:message:query','#','admin','2022-01-15 13:47:29','',NULL,''),(2064,'留言管理新增',2062,2,'#','',NULL,1,0,'F','0','0','cms:message:add','#','admin','2022-01-15 13:47:29','',NULL,''),(2065,'留言管理修改',2062,3,'#','',NULL,1,0,'F','0','0','cms:message:edit','#','admin','2022-01-15 13:47:29','',NULL,''),(2066,'留言管理删除',2062,4,'#','',NULL,1,0,'F','0','0','cms:message:remove','#','admin','2022-01-15 13:47:29','',NULL,''),(2067,'留言管理导出',2062,5,'#','',NULL,1,0,'F','0','0','cms:message:export','#','admin','2022-01-15 13:47:29','',NULL,''),(2068,'评论管理',2007,7,'comment','cms/comment/index',NULL,1,0,'C','0','0','cms:comment:list','#','admin','2022-01-21 10:27:25','admin','2022-01-21 10:28:24','评论管理菜单'),(2069,'评论管理查询',2068,1,'#','',NULL,1,0,'F','0','0','cms:comment:query','#','admin','2022-01-21 10:27:25','',NULL,''),(2070,'评论管理新增',2068,2,'#','',NULL,1,0,'F','0','0','cms:comment:add','#','admin','2022-01-21 10:27:25','',NULL,''),(2071,'评论管理修改',2068,3,'#','',NULL,1,0,'F','0','0','cms:comment:edit','#','admin','2022-01-21 10:27:25','',NULL,''),(2072,'评论管理删除',2068,4,'#','',NULL,1,0,'F','0','0','cms:comment:remove','#','admin','2022-01-21 10:27:25','',NULL,''),(2073,'评论管理导出',2068,5,'#','',NULL,1,0,'F','0','0','cms:comment:export','#','admin','2022-01-21 10:27:25','',NULL,'');

/*Table structure for table `sys_notice` */

DROP TABLE IF EXISTS `sys_notice`;

CREATE TABLE `sys_notice` (
  `notice_id` int NOT NULL AUTO_INCREMENT COMMENT '公告ID',
  `notice_title` varchar(50) CHARACTER SET utf8mb4 COLLATE utf8mb4_general_ci NOT NULL COMMENT '公告标题',
  `notice_type` char(1) CHARACTER SET utf8mb4 COLLATE utf8mb4_general_ci NOT NULL COMMENT '公告类型（1通知 2公告）',
  `notice_content` longblob COMMENT '公告内容',
  `status` char(1) CHARACTER SET utf8mb4 COLLATE utf8mb4_general_ci DEFAULT '0' COMMENT '公告状态（0正常 1关闭）',
  `create_by` varchar(64) CHARACTER SET utf8mb4 COLLATE utf8mb4_general_ci DEFAULT '' COMMENT '创建者',
  `create_time` datetime DEFAULT NULL COMMENT '创建时间',
  `update_by` varchar(64) CHARACTER SET utf8mb4 COLLATE utf8mb4_general_ci DEFAULT '' COMMENT '更新者',
  `update_time` datetime DEFAULT NULL COMMENT '更新时间',
  `remark` varchar(255) CHARACTER SET utf8mb4 COLLATE utf8mb4_general_ci DEFAULT NULL COMMENT '备注',
  PRIMARY KEY (`notice_id`) USING BTREE
) ENGINE=InnoDB AUTO_INCREMENT=3 DEFAULT CHARSET=utf8mb4 COLLATE=utf8mb4_general_ci ROW_FORMAT=DYNAMIC COMMENT='通知公告表';

/*Data for the table `sys_notice` */

insert  into `sys_notice`(`notice_id`,`notice_title`,`notice_type`,`notice_content`,`status`,`create_by`,`create_time`,`update_by`,`update_time`,`remark`) values (1,'温馨提醒：2018-07-01 若依新版本发布啦','2','新版本内容','0','admin','2021-12-10 14:12:14','',NULL,'管理员'),(2,'维护通知：2018-07-01 若依系统凌晨维护','1','<h1 class=\"ql-align-center\">维护通知</h1><p>	通知:2018-07-01 若依系统凌晨维护</p><p class=\"ql-align-center\"><br></p>','0','admin','2021-12-10 14:12:14','admin','2022-01-15 14:41:23','管理员');

/*Table structure for table `sys_notice_file` */

DROP TABLE IF EXISTS `sys_notice_file`;

CREATE TABLE `sys_notice_file` (
  `file_id` bigint NOT NULL COMMENT '文件ID',
  `notice_id` bigint NOT NULL COMMENT '通知公告ID',
  PRIMARY KEY (`file_id`,`notice_id`) USING BTREE
) ENGINE=InnoDB DEFAULT CHARSET=utf8mb4 COLLATE=utf8mb4_general_ci ROW_FORMAT=DYNAMIC COMMENT='通知公告文件表';

/*Data for the table `sys_notice_file` */

/*Table structure for table `sys_oper_log` */

DROP TABLE IF EXISTS `sys_oper_log`;

CREATE TABLE `sys_oper_log` (
  `oper_id` bigint NOT NULL AUTO_INCREMENT COMMENT '日志主键',
  `title` varchar(50) CHARACTER SET utf8mb4 COLLATE utf8mb4_general_ci DEFAULT '' COMMENT '模块标题',
  `business_type` int DEFAULT '0' COMMENT '业务类型（0其它 1新增 2修改 3删除）',
  `method` varchar(100) CHARACTER SET utf8mb4 COLLATE utf8mb4_general_ci DEFAULT '' COMMENT '方法名称',
  `request_method` varchar(10) CHARACTER SET utf8mb4 COLLATE utf8mb4_general_ci DEFAULT '' COMMENT '请求方式',
  `operator_type` int DEFAULT '0' COMMENT '操作类别（0其它 1后台用户 2手机端用户）',
  `oper_name` varchar(50) CHARACTER SET utf8mb4 COLLATE utf8mb4_general_ci DEFAULT '' COMMENT '操作人员',
  `dept_name` varchar(50) CHARACTER SET utf8mb4 COLLATE utf8mb4_general_ci DEFAULT '' COMMENT '部门名称',
  `oper_url` varchar(255) CHARACTER SET utf8mb4 COLLATE utf8mb4_general_ci DEFAULT '' COMMENT '请求URL',
  `oper_ip` varchar(128) CHARACTER SET utf8mb4 COLLATE utf8mb4_general_ci DEFAULT '' COMMENT '主机地址',
  `oper_location` varchar(255) CHARACTER SET utf8mb4 COLLATE utf8mb4_general_ci DEFAULT '' COMMENT '操作地点',
  `oper_param` varchar(2000) CHARACTER SET utf8mb4 COLLATE utf8mb4_general_ci DEFAULT '' COMMENT '请求参数',
  `json_result` varchar(2000) CHARACTER SET utf8mb4 COLLATE utf8mb4_general_ci DEFAULT '' COMMENT '返回参数',
  `status` int DEFAULT '0' COMMENT '操作状态（0正常 1异常）',
  `error_msg` varchar(2000) CHARACTER SET utf8mb4 COLLATE utf8mb4_general_ci DEFAULT '' COMMENT '错误消息',
  `oper_time` datetime DEFAULT NULL COMMENT '操作时间',
  PRIMARY KEY (`oper_id`) USING BTREE
) ENGINE=InnoDB AUTO_INCREMENT=290 DEFAULT CHARSET=utf8mb4 COLLATE=utf8mb4_general_ci ROW_FORMAT=DYNAMIC COMMENT='操作日志记录';

/*Data for the table `sys_oper_log` */

insert  into `sys_oper_log`(`oper_id`,`title`,`business_type`,`method`,`request_method`,`operator_type`,`oper_name`,`dept_name`,`oper_url`,`oper_ip`,`oper_location`,`oper_param`,`json_result`,`status`,`error_msg`,`oper_time`) values (1,'操作日志',9,'com.ruoyi.web.controller.monitor.SysOperlogController.clean()','DELETE',1,'admin',NULL,'/monitor/operlog/clean','127.0.0.1','内网IP','{}','{\"msg\":\"操作成功\",\"code\":200}',0,NULL,'2024-04-11 17:53:36'),(2,'菜单管理',3,'com.ruoyi.web.controller.system.SysMenuController.remove()','DELETE',1,'admin',NULL,'/system/menu/111','127.0.0.1','内网IP','{menuId=111}','{\"msg\":\"操作成功\",\"code\":200}',0,NULL,'2024-04-11 17:54:47'),(3,'菜单管理',3,'com.ruoyi.web.controller.system.SysMenuController.remove()','DELETE',1,'admin',NULL,'/system/menu/114','127.0.0.1','内网IP','{menuId=114}','{\"msg\":\"操作成功\",\"code\":200}',0,NULL,'2024-04-11 17:55:29'),(4,'菜单管理',3,'com.ruoyi.web.controller.system.SysMenuController.remove()','DELETE',1,'admin',NULL,'/system/menu/116','127.0.0.1','内网IP','{menuId=116}','{\"msg\":\"操作成功\",\"code\":200}',0,NULL,'2024-04-11 17:55:31'),(5,'菜单管理',3,'com.ruoyi.web.controller.system.SysMenuController.remove()','DELETE',1,'admin',NULL,'/system/menu/1055','127.0.0.1','内网IP','{menuId=1055}','{\"msg\":\"操作成功\",\"code\":200}',0,NULL,'2024-04-11 17:55:36'),(6,'菜单管理',3,'com.ruoyi.web.controller.system.SysMenuController.remove()','DELETE',1,'admin',NULL,'/system/menu/1056','127.0.0.1','内网IP','{menuId=1056}','{\"msg\":\"操作成功\",\"code\":200}',0,NULL,'2024-04-11 17:55:38'),(7,'菜单管理',3,'com.ruoyi.web.controller.system.SysMenuController.remove()','DELETE',1,'admin',NULL,'/system/menu/1058','127.0.0.1','内网IP','{menuId=1058}','{\"msg\":\"操作成功\",\"code\":200}',0,NULL,'2024-04-11 17:55:40'),(8,'菜单管理',3,'com.ruoyi.web.controller.system.SysMenuController.remove()','DELETE',1,'admin',NULL,'/system/menu/1059','127.0.0.1','内网IP','{menuId=1059}','{\"msg\":\"操作成功\",\"code\":200}',0,NULL,'2024-04-11 17:55:42'),(9,'菜单管理',3,'com.ruoyi.web.controller.system.SysMenuController.remove()','DELETE',1,'admin',NULL,'/system/menu/1060','127.0.0.1','内网IP','{menuId=1060}','{\"msg\":\"操作成功\",\"code\":200}',0,NULL,'2024-04-11 17:55:44'),(10,'菜单管理',3,'com.ruoyi.web.controller.system.SysMenuController.remove()','DELETE',1,'admin',NULL,'/system/menu/1057','127.0.0.1','内网IP','{menuId=1057}','{\"msg\":\"操作成功\",\"code\":200}',0,NULL,'2024-04-11 17:55:47'),(11,'菜单管理',3,'com.ruoyi.web.controller.system.SysMenuController.remove()','DELETE',1,'admin',NULL,'/system/menu/115','127.0.0.1','内网IP','{menuId=115}','{\"msg\":\"操作成功\",\"code\":200}',0,NULL,'2024-04-11 17:55:49'),(12,'菜单管理',3,'com.ruoyi.web.controller.system.SysMenuController.remove()','DELETE',1,'admin',NULL,'/system/menu/3','127.0.0.1','内网IP','{menuId=3}','{\"msg\":\"操作成功\",\"code\":200}',0,NULL,'2024-04-11 17:55:52'),(13,'菜单管理',3,'com.ruoyi.web.controller.system.SysMenuController.remove()','DELETE',1,'admin',NULL,'/system/menu/4','127.0.0.1','内网IP','{menuId=4}','{\"msg\":\"菜单已分配,不允许删除\",\"code\":500}',0,NULL,'2024-04-11 17:55:58'),(14,'菜单管理',3,'com.ruoyi.web.controller.system.SysMenuController.remove()','DELETE',1,'admin',NULL,'/system/menu/4','127.0.0.1','内网IP','{menuId=4}','{\"msg\":\"菜单已分配,不允许删除\",\"code\":500}',0,NULL,'2024-04-11 17:56:09'),(15,'菜单管理',2,'com.ruoyi.web.controller.system.SysMenuController.edit()','PUT',1,'admin',NULL,'/system/menu','127.0.0.1','内网IP','{\"visible\":\"0\",\"query\":\"\",\"icon\":\"guide\",\"orderNum\":\"4\",\"menuName\":\"博客官网\",\"params\":{},\"parentId\":0,\"isCache\":\"0\",\"path\":\"www.baidu.com\",\"children\":[],\"createTime\":1639116734000,\"isFrame\":\"0\",\"menuId\":4,\"menuType\":\"M\",\"perms\":\"\",\"status\":\"0\"}','{\"msg\":\"修改菜单\'博客官网\'失败，地址必须以http(s)://开头\",\"code\":500}',0,NULL,'2024-04-11 17:56:36'),(16,'菜单管理',2,'com.ruoyi.web.controller.system.SysMenuController.edit()','PUT',1,'admin',NULL,'/system/menu','127.0.0.1','内网IP','{\"visible\":\"0\",\"query\":\"\",\"icon\":\"guide\",\"orderNum\":\"4\",\"menuName\":\"博客官网\",\"params\":{},\"parentId\":0,\"isCache\":\"0\",\"path\":\"http//:www.baidu.com\",\"children\":[],\"createTime\":1639116734000,\"isFrame\":\"0\",\"menuId\":4,\"menuType\":\"M\",\"perms\":\"\",\"status\":\"0\"}','{\"msg\":\"修改菜单\'博客官网\'失败，地址必须以http(s)://开头\",\"code\":500}',0,NULL,'2024-04-11 17:56:45'),(17,'菜单管理',2,'com.ruoyi.web.controller.system.SysMenuController.edit()','PUT',1,'admin',NULL,'/system/menu','127.0.0.1','内网IP','{\"visible\":\"0\",\"query\":\"\",\"icon\":\"guide\",\"orderNum\":\"4\",\"menuName\":\"博客官网\",\"params\":{},\"parentId\":0,\"isCache\":\"0\",\"path\":\"http://www.baidu.com\",\"children\":[],\"createTime\":1639116734000,\"updateBy\":\"admin\",\"isFrame\":\"0\",\"menuId\":4,\"menuType\":\"M\",\"perms\":\"\",\"status\":\"0\"}','{\"msg\":\"操作成功\",\"code\":200}',0,NULL,'2024-04-11 17:56:55'),(18,'菜单管理',2,'com.ruoyi.web.controller.system.SysMenuController.edit()','PUT',1,'admin',NULL,'/system/menu','127.0.0.1','内网IP','{\"visible\":\"0\",\"query\":\"\",\"icon\":\"guide\",\"orderNum\":\"4\",\"menuName\":\"博客官网\",\"params\":{},\"parentId\":0,\"isCache\":\"0\",\"path\":\"http://www.baidu.com\",\"children\":[],\"createTime\":1639116734000,\"updateBy\":\"admin\",\"isFrame\":\"0\",\"menuId\":4,\"menuType\":\"M\",\"perms\":\"\",\"status\":\"0\"}','{\"msg\":\"操作成功\",\"code\":200}',0,NULL,'2024-04-11 17:57:12'),(19,'角色管理',2,'com.ruoyi.web.controller.system.SysRoleController.edit()','PUT',1,'admin',NULL,'/system/role','127.0.0.1','内网IP','{\"flag\":false,\"roleId\":2,\"admin\":false,\"remark\":\"普通角色\",\"dataScope\":\"2\",\"delFlag\":\"0\",\"params\":{},\"roleSort\":\"2\",\"deptCheckStrictly\":true,\"createTime\":1639116734000,\"updateBy\":\"admin\",\"menuCheckStrictly\":true,\"roleKey\":\"common\",\"roleName\":\"源人\",\"menuIds\":[2007,2032,2033,2034,2035,2036,2037,2038,2039,2040,2041,2042,2043,2044,2045,2046,2047,2048,2049,2056,2057,2058,2059,2060,2061,2050,2051,2052,2053,2054,2055,2062,2063,2064,2065,2066,2067,2026,2027,2028,2029,2030,2031,4],\"status\":\"0\"}','{\"msg\":\"操作成功\",\"code\":200}',0,NULL,'2024-04-11 17:58:35'),(20,'角色管理',2,'com.ruoyi.web.controller.system.SysRoleController.edit()','PUT',1,'admin',NULL,'/system/role','127.0.0.1','内网IP','{\"flag\":false,\"roleId\":2,\"admin\":false,\"remark\":\"普通角色\",\"dataScope\":\"2\",\"delFlag\":\"0\",\"params\":{},\"roleSort\":\"2\",\"deptCheckStrictly\":true,\"createTime\":1639116734000,\"updateBy\":\"admin\",\"menuCheckStrictly\":true,\"roleKey\":\"common\",\"roleName\":\"普通用户\",\"menuIds\":[2007,2032,2033,2034,2035,2036,2037,2038,2039,2040,2041,2042,2043,2044,2045,2046,2047,2048,2049,2056,2057,2058,2059,2060,2061,2050,2051,2052,2053,2054,2055,2062,2063,2064,2065,2066,2067,2026,2027,2028,2029,2030,2031,4],\"status\":\"0\"}','{\"msg\":\"操作成功\",\"code\":200}',0,NULL,'2024-04-11 18:04:15'),(21,'文章管理',1,'com.ruoyi.cms.blog.controller.CmsBlogController.add()','POST',1,'yuanren',NULL,'/cms/blog','127.0.0.1','内网IP','{\"tagIds\":[],\"title\":\"我爱爬山\",\"type\":\"1\",\"content\":\"<p>太好玩啦</p>\",\"top\":\"0\",\"blogDesc\":\"好玩\",\"id\":23,\"contentType\":\"1\",\"blogPicType\":\"0\",\"params\":{},\"createBy\":\"yuanren\",\"createTime\":1712830265855,\"typeIds\":[],\"status\":\"1\"}','{\"msg\":\"操作成功\",\"code\":200,\"data\":23}',0,NULL,'2024-04-11 18:11:05'),(22,'角色管理',3,'com.ruoyi.web.controller.system.SysRoleController.remove()','DELETE',1,'admin',NULL,'/system/role/3','127.0.0.1','内网IP','{roleIds=3}','{\"msg\":\"操作成功\",\"code\":200}',0,NULL,'2024-04-11 18:12:21'),(23,'角色管理',2,'com.ruoyi.web.controller.system.SysRoleController.edit()','PUT',1,'admin',NULL,'/system/role','127.0.0.1','内网IP','{\"flag\":false,\"roleId\":2,\"admin\":false,\"remark\":\"普通角色\",\"dataScope\":\"2\",\"delFlag\":\"0\",\"params\":{},\"roleSort\":\"2\",\"deptCheckStrictly\":true,\"createTime\":1639116734000,\"updateBy\":\"admin\",\"menuCheckStrictly\":true,\"roleKey\":\"common\",\"roleName\":\"普通用户\",\"menuIds\":[2007,2032,2033,2034,2035,2036,2037,2038,2039,2040,2041,2042,2043,2044,2045,2046,2047,2048,2049,2056,2057,2058,2059,2060,2061,2050,2051,2052,2053,2054,2055,2062,2063,2064,2065,2066,2067,2026,2027,2028,2029,2030,2031,4],\"status\":\"0\"}','{\"msg\":\"操作成功\",\"code\":200}',0,NULL,'2024-04-11 18:12:34'),(209,'菜单管理',3,'com.ruoyi.web.controller.system.SysMenuController.remove()','DELETE',1,'admin',NULL,'/system/menu/113','127.0.0.1','内网IP','{menuId=113}','{\"msg\":\"操作成功\",\"code\":200}',0,NULL,'2024-06-13 18:34:16'),(210,'菜单管理',3,'com.ruoyi.web.controller.system.SysMenuController.remove()','DELETE',1,'admin',NULL,'/system/menu/112','127.0.0.1','内网IP','{menuId=112}','{\"msg\":\"操作成功\",\"code\":200}',0,NULL,'2024-06-13 18:34:21'),(211,'菜单管理',3,'com.ruoyi.web.controller.system.SysMenuController.remove()','DELETE',1,'admin',NULL,'/system/menu/2','127.0.0.1','内网IP','{menuId=2}','{\"msg\":\"存在子菜单,不允许删除\",\"code\":500}',0,NULL,'2024-06-13 18:34:58'),(212,'菜单管理',3,'com.ruoyi.web.controller.system.SysMenuController.remove()','DELETE',1,'admin',NULL,'/system/menu/110','127.0.0.1','内网IP','{menuId=110}','{\"msg\":\"存在子菜单,不允许删除\",\"code\":500}',0,NULL,'2024-06-13 18:35:04'),(213,'菜单管理',3,'com.ruoyi.web.controller.system.SysMenuController.remove()','DELETE',1,'admin',NULL,'/system/menu/1054','127.0.0.1','内网IP','{menuId=1054}','{\"msg\":\"操作成功\",\"code\":200}',0,NULL,'2024-06-13 18:35:10'),(214,'菜单管理',3,'com.ruoyi.web.controller.system.SysMenuController.remove()','DELETE',1,'admin',NULL,'/system/menu/4','127.0.0.1','内网IP','{menuId=4}','{\"msg\":\"菜单已分配,不允许删除\",\"code\":500}',0,NULL,'2024-06-13 18:35:14'),(215,'菜单管理',3,'com.ruoyi.web.controller.system.SysMenuController.remove()','DELETE',1,'admin',NULL,'/system/menu/1053','127.0.0.1','内网IP','{menuId=1053}','{\"msg\":\"操作成功\",\"code\":200}',0,NULL,'2024-06-13 18:35:25'),(216,'菜单管理',3,'com.ruoyi.web.controller.system.SysMenuController.remove()','DELETE',1,'admin',NULL,'/system/menu/1052','127.0.0.1','内网IP','{menuId=1052}','{\"msg\":\"操作成功\",\"code\":200}',0,NULL,'2024-06-13 18:35:28'),(217,'菜单管理',3,'com.ruoyi.web.controller.system.SysMenuController.remove()','DELETE',1,'admin',NULL,'/system/menu/1051','127.0.0.1','内网IP','{menuId=1051}','{\"msg\":\"操作成功\",\"code\":200}',0,NULL,'2024-06-13 18:35:30'),(218,'菜单管理',3,'com.ruoyi.web.controller.system.SysMenuController.remove()','DELETE',1,'admin',NULL,'/system/menu/1050','127.0.0.1','内网IP','{menuId=1050}','{\"msg\":\"操作成功\",\"code\":200}',0,NULL,'2024-06-13 18:35:33'),(219,'菜单管理',3,'com.ruoyi.web.controller.system.SysMenuController.remove()','DELETE',1,'admin',NULL,'/system/menu/1049','127.0.0.1','内网IP','{menuId=1049}','{\"msg\":\"操作成功\",\"code\":200}',0,NULL,'2024-06-13 18:35:36'),(220,'菜单管理',3,'com.ruoyi.web.controller.system.SysMenuController.remove()','DELETE',1,'admin',NULL,'/system/menu/110','127.0.0.1','内网IP','{menuId=110}','{\"msg\":\"操作成功\",\"code\":200}',0,NULL,'2024-06-13 18:35:39'),(221,'菜单管理',3,'com.ruoyi.web.controller.system.SysMenuController.remove()','DELETE',1,'admin',NULL,'/system/menu/1048','127.0.0.1','内网IP','{menuId=1048}','{\"msg\":\"操作成功\",\"code\":200}',0,NULL,'2024-06-13 18:35:43'),(222,'菜单管理',3,'com.ruoyi.web.controller.system.SysMenuController.remove()','DELETE',1,'admin',NULL,'/system/menu/1047','127.0.0.1','内网IP','{menuId=1047}','{\"msg\":\"操作成功\",\"code\":200}',0,NULL,'2024-06-13 18:35:46'),(223,'菜单管理',3,'com.ruoyi.web.controller.system.SysMenuController.remove()','DELETE',1,'admin',NULL,'/system/menu/1046','127.0.0.1','内网IP','{menuId=1046}','{\"msg\":\"操作成功\",\"code\":200}',0,NULL,'2024-06-13 18:35:49'),(224,'菜单管理',3,'com.ruoyi.web.controller.system.SysMenuController.remove()','DELETE',1,'admin',NULL,'/system/menu/109','127.0.0.1','内网IP','{menuId=109}','{\"msg\":\"操作成功\",\"code\":200}',0,NULL,'2024-06-13 18:35:53'),(225,'菜单管理',3,'com.ruoyi.web.controller.system.SysMenuController.remove()','DELETE',1,'admin',NULL,'/system/menu/2','127.0.0.1','内网IP','{menuId=2}','{\"msg\":\"操作成功\",\"code\":200}',0,NULL,'2024-06-13 18:36:06'),(226,'菜单管理',2,'com.ruoyi.web.controller.system.SysMenuController.edit()','PUT',1,'admin',NULL,'/system/menu','127.0.0.1','内网IP','{\"visible\":\"0\",\"query\":\"\",\"icon\":\"guide\",\"orderNum\":\"4\",\"menuName\":\"博客官网\",\"params\":{},\"parentId\":0,\"isCache\":\"0\",\"path\":\"http://localhost:8081/cms/main/cmsIndex\",\"children\":[],\"createTime\":1639116734000,\"updateBy\":\"admin\",\"isFrame\":\"0\",\"menuId\":4,\"menuType\":\"M\",\"perms\":\"\",\"status\":\"0\"}','{\"msg\":\"操作成功\",\"code\":200}',0,NULL,'2024-06-13 18:36:26'),(227,'菜单管理',3,'com.ruoyi.web.controller.system.SysMenuController.remove()','DELETE',1,'admin',NULL,'/system/menu/1045','127.0.0.1','内网IP','{menuId=1045}','{\"msg\":\"操作成功\",\"code\":200}',0,NULL,'2024-06-13 18:38:17'),(228,'菜单管理',3,'com.ruoyi.web.controller.system.SysMenuController.remove()','DELETE',1,'admin',NULL,'/system/menu/1044','127.0.0.1','内网IP','{menuId=1044}','{\"msg\":\"操作成功\",\"code\":200}',0,NULL,'2024-06-13 18:38:21'),(229,'菜单管理',3,'com.ruoyi.web.controller.system.SysMenuController.remove()','DELETE',1,'admin',NULL,'/system/menu/1043','127.0.0.1','内网IP','{menuId=1043}','{\"msg\":\"操作成功\",\"code\":200}',0,NULL,'2024-06-13 18:38:26'),(230,'菜单管理',3,'com.ruoyi.web.controller.system.SysMenuController.remove()','DELETE',1,'admin',NULL,'/system/menu/501','127.0.0.1','内网IP','{menuId=501}','{\"msg\":\"操作成功\",\"code\":200}',0,NULL,'2024-06-13 18:38:30'),(231,'菜单管理',3,'com.ruoyi.web.controller.system.SysMenuController.remove()','DELETE',1,'admin',NULL,'/system/menu/1042','127.0.0.1','内网IP','{menuId=1042}','{\"msg\":\"操作成功\",\"code\":200}',0,NULL,'2024-06-13 18:38:35'),(232,'菜单管理',3,'com.ruoyi.web.controller.system.SysMenuController.remove()','DELETE',1,'admin',NULL,'/system/menu/1041','127.0.0.1','内网IP','{menuId=1041}','{\"msg\":\"操作成功\",\"code\":200}',0,NULL,'2024-06-13 18:38:39'),(233,'菜单管理',3,'com.ruoyi.web.controller.system.SysMenuController.remove()','DELETE',1,'admin',NULL,'/system/menu/1040','127.0.0.1','内网IP','{menuId=1040}','{\"msg\":\"操作成功\",\"code\":200}',0,NULL,'2024-06-13 18:38:42'),(234,'菜单管理',3,'com.ruoyi.web.controller.system.SysMenuController.remove()','DELETE',1,'admin',NULL,'/system/menu/500','127.0.0.1','内网IP','{menuId=500}','{\"msg\":\"操作成功\",\"code\":200}',0,NULL,'2024-06-13 18:38:47'),(235,'菜单管理',3,'com.ruoyi.web.controller.system.SysMenuController.remove()','DELETE',1,'admin',NULL,'/system/menu/108','127.0.0.1','内网IP','{menuId=108}','{\"msg\":\"操作成功\",\"code\":200}',0,NULL,'2024-06-13 18:38:50'),(236,'标签管理',1,'com.ruoyi.cms.tag.controller.CmsTagController.add()','POST',1,'yuanren',NULL,'/cms/tag','127.0.0.1','内网IP','{\"createBy\":\"yuanren\",\"createTime\":1718275934015,\"tagId\":27,\"params\":{},\"tagName\":\"11\",\"blogNum\":0}','{\"msg\":\"操作成功\",\"code\":200}',0,NULL,'2024-06-13 18:52:14'),(237,'标签管理',3,'com.ruoyi.cms.tag.controller.CmsTagController.remove()','DELETE',1,'yuanren',NULL,'/cms/tag/27','127.0.0.1','内网IP','{tagIds=27}','{\"msg\":\"操作成功\",\"code\":200}',0,NULL,'2024-06-13 18:52:16'),(238,'角色管理',2,'com.ruoyi.web.controller.system.SysRoleController.edit()','PUT',1,'admin',NULL,'/system/role','127.0.0.1','内网IP','{\"flag\":false,\"roleId\":2,\"admin\":false,\"remark\":\"普通角色\",\"dataScope\":\"2\",\"delFlag\":\"0\",\"params\":{},\"roleSort\":\"2\",\"deptCheckStrictly\":true,\"createTime\":1639116734000,\"updateBy\":\"admin\",\"menuCheckStrictly\":true,\"roleKey\":\"common\",\"roleName\":\"普通用户\",\"menuIds\":[2007,2032,2033,2034,2035,2036,2037,4],\"status\":\"0\"}','{\"msg\":\"操作成功\",\"code\":200}',0,NULL,'2024-06-13 18:59:34'),(239,'角色管理',2,'com.ruoyi.web.controller.system.SysRoleController.edit()','PUT',1,'admin',NULL,'/system/role','127.0.0.1','内网IP','{\"flag\":false,\"roleId\":2,\"admin\":false,\"remark\":\"普通角色\",\"dataScope\":\"2\",\"delFlag\":\"0\",\"params\":{},\"roleSort\":\"2\",\"deptCheckStrictly\":true,\"createTime\":1639116734000,\"updateBy\":\"admin\",\"menuCheckStrictly\":true,\"roleKey\":\"common\",\"roleName\":\"普通用户\",\"menuIds\":[1,2007,107,1036,1037,1038,1039,2032,2033,2034,2035,2036,2037,4],\"status\":\"0\"}','{\"msg\":\"操作成功\",\"code\":200}',0,NULL,'2024-06-13 19:43:25'),(240,'角色管理',2,'com.ruoyi.web.controller.system.SysRoleController.edit()','PUT',1,'admin',NULL,'/system/role','127.0.0.1','内网IP','{\"flag\":false,\"roleId\":2,\"admin\":false,\"remark\":\"普通角色\",\"dataScope\":\"2\",\"delFlag\":\"0\",\"params\":{},\"roleSort\":\"2\",\"deptCheckStrictly\":true,\"createTime\":1639116734000,\"updateBy\":\"admin\",\"menuCheckStrictly\":true,\"roleKey\":\"common\",\"roleName\":\"普通用户\",\"menuIds\":[1,107,2007,1036,2032,2033,2034,2035,2036,2037,4],\"status\":\"0\"}','{\"msg\":\"操作成功\",\"code\":200}',0,NULL,'2024-06-13 19:45:35'),(241,'角色管理',2,'com.ruoyi.web.controller.system.SysRoleController.edit()','PUT',1,'admin',NULL,'/system/role','127.0.0.1','内网IP','{\"flag\":false,\"roleId\":2,\"admin\":false,\"remark\":\"普通角色\",\"dataScope\":\"2\",\"delFlag\":\"0\",\"params\":{},\"roleSort\":\"2\",\"deptCheckStrictly\":true,\"createTime\":1639116734000,\"updateBy\":\"admin\",\"menuCheckStrictly\":true,\"roleKey\":\"common\",\"roleName\":\"普通用户\",\"menuIds\":[1,107,2007,1036,2032,2033,2034,2035,2036,2037,2038,2039,2040,2041,2042,2043,2062,2063,2064,2065,2066,2067,2068,2069,2070,2071,2072,2073,2026,2027,2028,2029,2030,2031,4],\"status\":\"0\"}','{\"msg\":\"操作成功\",\"code\":200}',0,NULL,'2024-06-13 19:48:23'),(242,'角色管理',2,'com.ruoyi.web.controller.system.SysRoleController.edit()','PUT',1,'admin',NULL,'/system/role','127.0.0.1','内网IP','{\"flag\":false,\"roleId\":2,\"admin\":false,\"remark\":\"普通角色\",\"dataScope\":\"2\",\"delFlag\":\"0\",\"params\":{},\"roleSort\":\"2\",\"deptCheckStrictly\":true,\"createTime\":1639116734000,\"updateBy\":\"admin\",\"menuCheckStrictly\":true,\"roleKey\":\"common\",\"roleName\":\"普通用户\",\"menuIds\":[1,107,2007,2056,2050,1036,2032,2033,2034,2035,2036,2037,2038,2039,2040,2041,2042,2043,2057,2051,2062,2063,2064,2065,2066,2067,2068,2069,2070,2071,2072,2073,2026,2027,2028,2029,2030,2031,4],\"status\":\"0\"}','{\"msg\":\"操作成功\",\"code\":200}',0,NULL,'2024-06-13 23:18:53'),(243,'角色管理',2,'com.ruoyi.web.controller.system.SysRoleController.edit()','PUT',1,'admin',NULL,'/system/role','127.0.0.1','内网IP','{\"flag\":false,\"roleId\":2,\"admin\":false,\"remark\":\"普通角色\",\"dataScope\":\"2\",\"delFlag\":\"0\",\"params\":{},\"roleSort\":\"2\",\"deptCheckStrictly\":true,\"createTime\":1639116734000,\"updateBy\":\"admin\",\"menuCheckStrictly\":true,\"roleKey\":\"common\",\"roleName\":\"普通用户\",\"menuIds\":[1,107,2007,1036,2032,2033,2034,2035,2036,2037,2038,2039,2040,2041,2042,2043,2062,2063,2064,2065,2066,2067,2068,2069,2070,2071,2072,2073,2026,2027,2028,2029,2030,2031,4],\"status\":\"0\"}','{\"msg\":\"操作成功\",\"code\":200}',0,NULL,'2024-06-13 23:20:45'),(244,'角色管理',2,'com.ruoyi.web.controller.system.SysRoleController.edit()','PUT',1,'admin',NULL,'/system/role','127.0.0.1','内网IP','{\"flag\":false,\"roleId\":2,\"admin\":false,\"remark\":\"普通角色\",\"dataScope\":\"2\",\"delFlag\":\"0\",\"params\":{},\"roleSort\":\"2\",\"deptCheckStrictly\":true,\"createTime\":1639116734000,\"updateBy\":\"admin\",\"menuCheckStrictly\":true,\"roleKey\":\"common\",\"roleName\":\"普通用户\",\"menuIds\":[1,107,2007,1036,2032,2033,2034,2035,2036,2037,2038,2039,2040,2041,2042,2043,2062,2063,2064,2065,2066,2067,2068,2069,2070,2071,2072,2073,4],\"status\":\"0\"}','{\"msg\":\"操作成功\",\"code\":200}',0,NULL,'2024-06-13 23:24:47'),(245,'文章管理',2,'com.ruoyi.cms.blog.controller.CmsBlogController.edit()','PUT',1,'admin',NULL,'/cms/blog','127.0.0.1','内网IP','{\"tagIds\":[26],\"title\":\"黄焖鸡米饭\",\"type\":\"1\",\"content\":\"<p>1</p>\",\"top\":\"1\",\"updateBy\":\"admin\",\"blogDesc\":\"上次为了解馋在外面买了一份黄焖鸡，结果全家4口人有3口人吃完就拉肚子，去医院拿药，再也不敢在外面吃\",\"id\":19,\"contentType\":\"1\",\"views\":209,\"blogPicLink\":\"\",\"types\":[{\"typeName\":\"美食\",\"updateTime\":1697178110000,\"params\":{},\"createBy\":\"若依\",\"typePicType\":\"0\",\"createTime\":1641277883000,\"updateBy\":\"admin\",\"typePic\":\"\",\"typeId\":14,\"blogNum\":0,\"typePicLink\":\"\"}],\"blogPicType\":\"1\",\"updateTime\":1719730609755,\"params\":{},\"tags\":[{\"createBy\":\"若依\",\"createTime\":1641278906000,\"tagId\":26,\"updateBy\":\"admin\",\"updateTime\":1697177913000,\"params\":{},\"tagName\":\"小吃\",\"blogNum\":0}],\"blogPic\":\"/profile/upload/2023/10/13/39a0fe2a-8959-403f-8bf8-10e1602ea393.png\",\"createBy\":\"admin\",\"createTime\":1641980454000,\"typeIds\":[14],\"status\":\"1\"}','{\"msg\":\"操作成功\",\"code\":200}',0,NULL,'2024-06-30 14:56:49'),(246,'文章管理',2,'com.ruoyi.cms.blog.controller.CmsBlogController.edit()','PUT',1,'admin',NULL,'/cms/blog','127.0.0.1','内网IP','{\"tagIds\":[26],\"title\":\"鸦片战争\",\"type\":\"1\",\"content\":\"<p>1</p>\",\"top\":\"1\",\"updateBy\":\"admin\",\"blogDesc\":\"上次为了解馋在外面买了一份黄焖鸡，结果全家4口人有3口人吃完就拉肚子，去医院拿药，再也不敢在外面吃\",\"id\":19,\"contentType\":\"1\",\"views\":210,\"blogPicLink\":\"\",\"types\":[{\"typeName\":\"美食\",\"updateTime\":1697178110000,\"params\":{},\"createBy\":\"若依\",\"typePicType\":\"0\",\"createTime\":1641277883000,\"updateBy\":\"admin\",\"typePic\":\"\",\"typeId\":14,\"blogNum\":0,\"typePicLink\":\"\"}],\"blogPicType\":\"1\",\"updateTime\":1719730898784,\"params\":{},\"tags\":[{\"createBy\":\"若依\",\"createTime\":1641278906000,\"tagId\":26,\"updateBy\":\"admin\",\"updateTime\":1697177913000,\"params\":{},\"tagName\":\"小吃\",\"blogNum\":0}],\"blogPic\":\"/profile/upload/2023/10/13/39a0fe2a-8959-403f-8bf8-10e1602ea393.png\",\"createBy\":\"admin\",\"createTime\":1641980454000,\"typeIds\":[14],\"status\":\"1\"}','{\"msg\":\"操作成功\",\"code\":200}',0,NULL,'2024-06-30 15:01:38'),(247,'分类管理',3,'com.ruoyi.cms.type.controller.CmsTypeController.remove()','DELETE',1,'admin',NULL,'/cms/type/13','127.0.0.1','内网IP','{typeIds=13}','{\"msg\":\"操作成功\",\"code\":200}',0,NULL,'2024-06-30 15:04:30'),(248,'分类管理',3,'com.ruoyi.cms.type.controller.CmsTypeController.remove()','DELETE',1,'admin',NULL,'/cms/type/11','127.0.0.1','内网IP','{typeIds=11}','{\"msg\":\"操作成功\",\"code\":200}',0,NULL,'2024-06-30 15:04:32'),(249,'分类管理',3,'com.ruoyi.cms.type.controller.CmsTypeController.remove()','DELETE',1,'admin',NULL,'/cms/type/10','127.0.0.1','内网IP','{typeIds=10}','{\"msg\":\"操作成功\",\"code\":200}',0,NULL,'2024-06-30 15:04:34'),(250,'分类管理',3,'com.ruoyi.cms.type.controller.CmsTypeController.remove()','DELETE',1,'admin',NULL,'/cms/type/15','127.0.0.1','内网IP','{typeIds=15}','{\"msg\":\"操作成功\",\"code\":200}',0,NULL,'2024-06-30 15:04:37'),(251,'分类管理',2,'com.ruoyi.cms.type.controller.CmsTypeController.edit()','PUT',1,'admin',NULL,'/cms/type','127.0.0.1','内网IP','{\"typeName\":\"旧民主主义革命阶段\",\"updateTime\":1719731108498,\"params\":{},\"createBy\":\"admin\",\"typePicType\":\"0\",\"createTime\":1654848530000,\"updateBy\":\"admin\",\"typePic\":\"\",\"typeId\":16,\"blogNum\":0,\"typePicLink\":\"\"}','{\"msg\":\"操作成功\",\"code\":200}',0,NULL,'2024-06-30 15:05:08'),(252,'分类管理',2,'com.ruoyi.cms.type.controller.CmsTypeController.edit()','PUT',1,'admin',NULL,'/cms/type','127.0.0.1','内网IP','{\"typeName\":\"新民主主义革命阶段\",\"updateTime\":1719731119261,\"params\":{},\"createBy\":\"若依\",\"typePicType\":\"0\",\"createTime\":1641277883000,\"updateBy\":\"admin\",\"typePic\":\"\",\"typeId\":14,\"blogNum\":0,\"typePicLink\":\"\"}','{\"msg\":\"操作成功\",\"code\":200}',0,NULL,'2024-06-30 15:05:19'),(253,'文章管理',2,'com.ruoyi.cms.blog.controller.CmsBlogController.edit()','PUT',1,'admin',NULL,'/cms/blog','127.0.0.1','内网IP','{\"tagIds\":[23,24],\"title\":\"鸦片战争\",\"type\":\"1\",\"content\":\"<p><span style=\\\"color: rgb(34, 34, 34);\\\">寨沟主体呈“Y”字形，由树正沟、日则沟和则查洼沟三条沟组成，总长50余公里，景区内有环保观光车穿梭行驶，招手即停，一般是乘坐环保车一个个景点玩下来。如果细细品味的话，一天的时间是严重不够的。景区推出的淡季二次进沟是不错的选择。</span>想去九寨沟，推荐从成都出发，四日游玩法比较适合时间充足灵活的朋友，费用大概在1500—1700元之间会比较舒适，在于餐和住宿的区别。四日游是游玩九寨沟最佳的游玩方式（给九寨沟景区留够整两天），时间比较充足，游玩起来也比较轻松。行程如下：</p><p>第一天：成都—都江堰熊猫乐园—叠溪海子—松潘古城—九寨沟</p><p>第二天：景区门口—日则沟—则渣洼沟—景区门口</p><p>第三天：景区门口(二次进沟）—树正沟—景区门口</p><p>第四天：九寨沟—川主寺—黄龙—成都</p><p>景区二日游路线</p><p>D1：沟口——镜海——诺日朗中心——日则沟（箭竹海——箭竹海瀑布——熊猫海——五花海——珍珠滩——珍珠滩瀑布）——镜海——诺日朗瀑布——犀牛海——沟口</p><p>D2：沟口——诺日朗中心——长海——五彩池——树正沟（老虎海——树正海群——芦苇海——盆景滩）——扎如寺——沟口</p><p class=\\\"ql-align-center\\\"> </p><p>四川九寨沟景点</p><p>五花海 ：五花海位于九寨沟三条沟的日则沟中段，孔雀河上游，由于海底的钙华沉积、各种色泽艳丽的藻类以及岸边五彩斑斓的林木倒影，使得五花海呈现出鹅黄、藏青、墨绿、宝蓝等各种颜色，故称“五花海”。</p><p><span style=\\\"color: rgb(34, 34, 34);\\\">镜海：镜海，因为湖面一平如镜，故得其名。这里是九寨沟看倒影的好地方。每当晨曦初露或朝霞遍染之时，蓝天白云、远山近树，尽纳海底。早9点前和晚5点后无风的时候，是拍摄镜海倒影的最佳时间。</span></p><p><span style=\\\"color: rgb(34, 34, 34);\\\">珍珠滩：上游珍珠滩瀑布的激流，在凹凸不平的乳黄色钙化滩面上溅起无数水珠，阳光下，点点水珠就像巨型扇贝里的粒粒珍珠，远看河中流动着一河洁白的珍珠。这就是珍珠滩</span></p><p><span style=\\\"color: rgb(34, 34, 34);\\\">仙女池：仙女池位于九寨沟神仙池景区内，又叫大海池。传说这里曾经是仙女沐浴的地方，神仙池也因此而得名。仙女池色泽蔚蓝，与大海的色差不大，而且面积不小。远远望去，犹如一颗精美的波斯蓝宝石，在阳光的照射下是那样的宁静和美丽。</span></p><p><span style=\\\"color: rgb(34, 34, 34);\\\">瑶池：瑶池位于九寨沟神仙池风景区内，有诗诵之为“蓝天白云清风里，山林草海碧水间”。它那巧夺天工的形态，清澈通透的湖水，犹如一颗宝石镶嵌在了天然的绿色地毯上。神仙池景色通常是一池连一瀑，有瀑就有池。而金银滩上的瑶池，则是由数个大小不等的钙化池曲状相连。</span></p><p><span style=\\\"color: rgb(34, 34, 34);\\\">“九寨归来不看水”，是对九寨沟景色真实的诠释。泉、瀑、河、滩108个海子，构成一个个五彩斑斓的瑶池玉盆。长海、剑岩、诺日朗、树正、扎如、黑海六大景观，翠海、叠瀑、彩林、雪峰、藏情、蓝冰，被称为“六绝”。神奇的九寨，被世人誉为“童话世界”，号称“水景之王”。</span></p><p class=\\\"ql-align-center\\\">想获取更多旅游攻略，请点击下方咨询按钮，</p><p class=\\\"ql-align-center\\\">为你定制专属旅程，不用自己做攻略，</p><p class=\\\"ql-align-center\\\">24小时客服随时解决难题，给你一个轻松自由愉快的旅行。</p><p>【春日看点】满沟的桃花盛开和绿树抽新芽的盎然生机。</p><p>春天的九寨沟，冰雪融化、新绿发芽，红的、黄的、粉的、蓝的，美丽的花朵染遍了山野，最受游客关注的当属处处盛开的野桃花。九寨沟南高北低，沟口的海拔仅2000m，中部峰岭均在4000m以上，南缘达4500m以上，主沟长30多公里。因此，春天的时候，山脚一片春花烂漫，山林还处于残冬，长海则尚未解冻。清澈的水流从尚未完全解冻的薄冰下流过，更添一丝的梦幻。</p><p>【秋季看点】彩林、叠瀑、蓝天、倒影</p><p>秋天是九寨沟最为灿烂的季节，山林晕染成色，这里集合了秋天所有','{\"msg\":\"操作成功\",\"code\":200}',0,NULL,'2024-06-30 15:07:13'),(254,'文章管理',2,'com.ruoyi.cms.blog.controller.CmsBlogController.edit()','PUT',1,'admin',NULL,'/cms/blog','127.0.0.1','内网IP','{\"tagIds\":[26],\"title\":\"鸦片战争\",\"type\":\"1\",\"content\":\"<p>1</p>\",\"top\":\"1\",\"updateBy\":\"admin\",\"blogDesc\":\"\",\"id\":19,\"contentType\":\"1\",\"views\":211,\"blogPicLink\":\"\",\"types\":[{\"typeName\":\"新民主主义革命阶段\",\"updateTime\":1719731119000,\"params\":{},\"createBy\":\"若依\",\"typePicType\":\"0\",\"createTime\":1641277883000,\"updateBy\":\"admin\",\"typePic\":\"\",\"typeId\":14,\"blogNum\":0,\"typePicLink\":\"\"}],\"blogPicType\":\"1\",\"updateTime\":1719731252842,\"params\":{},\"tags\":[{\"createBy\":\"若依\",\"createTime\":1641278906000,\"tagId\":26,\"updateBy\":\"admin\",\"updateTime\":1697177913000,\"params\":{},\"tagName\":\"小吃\",\"blogNum\":0}],\"blogPic\":\"/profile/upload/2023/10/13/39a0fe2a-8959-403f-8bf8-10e1602ea393.png\",\"createBy\":\"admin\",\"createTime\":1641980454000,\"typeIds\":[14],\"status\":\"1\"}','{\"msg\":\"操作成功\",\"code\":200}',0,NULL,'2024-06-30 15:07:32'),(255,'标签管理',2,'com.ruoyi.cms.tag.controller.CmsTagController.edit()','PUT',1,'admin',NULL,'/cms/tag','127.0.0.1','内网IP','{\"createBy\":\"若依\",\"createTime\":1641278906000,\"tagId\":26,\"updateBy\":\"admin\",\"updateTime\":1719731274564,\"params\":{},\"tagName\":\"简介\",\"blogNum\":0}','{\"msg\":\"操作成功\",\"code\":200}',0,NULL,'2024-06-30 15:07:54'),(256,'文章管理',2,'com.ruoyi.cms.blog.controller.CmsBlogController.edit()','PUT',1,'admin',NULL,'/cms/blog','127.0.0.1','内网IP','{\"tagIds\":[26],\"title\":\"鸦片战争\",\"type\":\"1\",\"content\":\"<p>\\t<a href=\\\"https://baike.baidu.com/item/%E9%B8%A6%E7%89%87%E6%88%98%E4%BA%89/29632?fromModule=lemma_inlink\\\" rel=\\\"noopener noreferrer\\\" target=\\\"_blank\\\" style=\\\"color: rgb(19, 110, 194);\\\">鸦片战争</a>前，中国是一个独立自主的封建国家。由于当时中国的<a href=\\\"https://baike.baidu.com/item/%E8%87%AA%E7%84%B6%E7%BB%8F%E6%B5%8E/751695?fromModule=lemma_inlink\\\" rel=\\\"noopener noreferrer\\\" target=\\\"_blank\\\" style=\\\"color: rgb(19, 110, 194);\\\">自然经济</a>占统治地位，在中英贸易中，中国处于<a href=\\\"https://baike.baidu.com/item/%E5%87%BA%E8%B6%85/788072?fromModule=lemma_inlink\\\" rel=\\\"noopener noreferrer\\\" target=\\\"_blank\\\" style=\\\"color: rgb(19, 110, 194);\\\">出超</a>地位。为了改变贸易入超的状况，英国不法商人向中国走私<a href=\\\"https://baike.baidu.com/item/%E9%B8%A6%E7%89%87/249904?fromModule=lemma_inlink\\\" rel=\\\"noopener noreferrer\\\" target=\\\"_blank\\\" style=\\\"color: rgb(19, 110, 194);\\\">鸦片</a>。鸦片的输入给中国社会带来了深重灾难。禁烟成为全社会共同的呼声。林则徐在广东领导的<a href=\\\"https://baike.baidu.com/item/%E7%A6%81%E7%83%9F%E8%BF%90%E5%8A%A8/12607624?fromModule=lemma_inlink\\\" rel=\\\"noopener noreferrer\\\" target=\\\"_blank\\\" style=\\\"color: rgb(19, 110, 194);\\\">禁烟运动</a>，给英国侵略者以沉重打击。1840年，英国发动了侵略中国的鸦片战争。战争中，广大爱国官兵和三元里人民进行了英勇战斗。但由于清政府奉行妥协方针，战争失败。1842年，英国强迫清政府签订中英《<a href=\\\"https://baike.baidu.com/item/%E5%8D%97%E4%BA%AC%E6%9D%A1%E7%BA%A6/359269?fromModule=lemma_inlink\\\" rel=\\\"noopener noreferrer\\\" target=\\\"_blank\\\" style=\\\"color: rgb(19, 110, 194);\\\">南京条约</a>》，中国的主权独立和领土完整开始遭到破坏，从此，中国门户洞开，开始从封建社会逐步沦为半殖民地半封建社会。这一时期，一些爱国的知识分子开始觉醒，他们把目光投向国门之外，开始了“<a href=\\\"https://baike.baidu.com/item/%E5%B8%88%E5%A4%B7%E9%95%BF%E6%8A%80/6998169?fromModule=lemma_inlink\\\" rel=\\\"noopener noreferrer\\\" target=\\\"_blank\\\" style=\\\"color: rgb(19, 110, 194);\\\">师夷长技</a>”的探索。</p><p>\\t1856—1860年间，英、法为了扩大侵略权益，对中国挑起了<a href=\\\"https://baike.baidu.com/item/%E7%AC%AC%E4%BA%8C%E6%AC%A1%E9%B8%A6%E7%89%87%E6%88%98%E4%BA%89/282781?fromModule=lemma_inlink\\\" rel=\\\"noopener noreferrer\\\" target=\\\"_blank\\\" style=\\\"color: rgb(19, 110, 194);\\\">第二次鸦片战争</a>。美、俄趁火打劫。四国分别强迫清政府签订了《<a h','{\"msg\":\"操作成功\",\"code\":200}',0,NULL,'2024-06-30 15:08:36'),(257,'标签管理',3,'com.ruoyi.cms.tag.controller.CmsTagController.remove()','DELETE',1,'admin',NULL,'/cms/tag/25','127.0.0.1','内网IP','{tagIds=25}','{\"msg\":\"操作成功\",\"code\":200}',0,NULL,'2024-06-30 15:09:06'),(258,'标签管理',3,'com.ruoyi.cms.tag.controller.CmsTagController.remove()','DELETE',1,'admin',NULL,'/cms/tag/24','127.0.0.1','内网IP','{tagIds=24}','{\"msg\":\"操作成功\",\"code\":200}',0,NULL,'2024-06-30 15:09:08'),(259,'标签管理',3,'com.ruoyi.cms.tag.controller.CmsTagController.remove()','DELETE',1,'admin',NULL,'/cms/tag/23','127.0.0.1','内网IP','{tagIds=23}','{\"msg\":\"操作成功\",\"code\":200}',0,NULL,'2024-06-30 15:09:10'),(260,'标签管理',3,'com.ruoyi.cms.tag.controller.CmsTagController.remove()','DELETE',1,'admin',NULL,'/cms/tag/22','127.0.0.1','内网IP','{tagIds=22}','{\"msg\":\"操作成功\",\"code\":200}',0,NULL,'2024-06-30 15:09:11'),(261,'标签管理',3,'com.ruoyi.cms.tag.controller.CmsTagController.remove()','DELETE',1,'admin',NULL,'/cms/tag/21','127.0.0.1','内网IP','{tagIds=21}','{\"msg\":\"操作成功\",\"code\":200}',0,NULL,'2024-06-30 15:09:16'),(262,'标签管理',3,'com.ruoyi.cms.tag.controller.CmsTagController.remove()','DELETE',1,'admin',NULL,'/cms/tag/20','127.0.0.1','内网IP','{tagIds=20}','{\"msg\":\"操作成功\",\"code\":200}',0,NULL,'2024-06-30 15:09:18'),(263,'文章管理',2,'com.ruoyi.cms.blog.controller.CmsBlogController.edit()','PUT',1,'admin',NULL,'/cms/blog','127.0.0.1','内网IP','{\"tagIds\":[26],\"title\":\"鸦片战争\",\"type\":\"1\",\"content\":\"<p>\\t<a href=\\\"https://baike.baidu.com/item/%E9%B8%A6%E7%89%87%E6%88%98%E4%BA%89/29632?fromModule=lemma_inlink\\\" rel=\\\"noopener noreferrer\\\" target=\\\"_blank\\\" style=\\\"color: rgb(19, 110, 194);\\\">鸦片战争</a>前，中国是一个独立自主的封建国家。由于当时中国的<a href=\\\"https://baike.baidu.com/item/%E8%87%AA%E7%84%B6%E7%BB%8F%E6%B5%8E/751695?fromModule=lemma_inlink\\\" rel=\\\"noopener noreferrer\\\" target=\\\"_blank\\\" style=\\\"color: rgb(19, 110, 194);\\\">自然经济</a>占统治地位，在中英贸易中，中国处于<a href=\\\"https://baike.baidu.com/item/%E5%87%BA%E8%B6%85/788072?fromModule=lemma_inlink\\\" rel=\\\"noopener noreferrer\\\" target=\\\"_blank\\\" style=\\\"color: rgb(19, 110, 194);\\\">出超</a>地位。为了改变贸易入超的状况，英国不法商人向中国走私<a href=\\\"https://baike.baidu.com/item/%E9%B8%A6%E7%89%87/249904?fromModule=lemma_inlink\\\" rel=\\\"noopener noreferrer\\\" target=\\\"_blank\\\" style=\\\"color: rgb(19, 110, 194);\\\">鸦片</a>。鸦片的输入给中国社会带来了深重灾难。禁烟成为全社会共同的呼声。林则徐在广东领导的<a href=\\\"https://baike.baidu.com/item/%E7%A6%81%E7%83%9F%E8%BF%90%E5%8A%A8/12607624?fromModule=lemma_inlink\\\" rel=\\\"noopener noreferrer\\\" target=\\\"_blank\\\" style=\\\"color: rgb(19, 110, 194);\\\">禁烟运动</a>，给英国侵略者以沉重打击。1840年，英国发动了侵略中国的鸦片战争。战争中，广大爱国官兵和三元里人民进行了英勇战斗。但由于清政府奉行妥协方针，战争失败。1842年，英国强迫清政府签订中英《<a href=\\\"https://baike.baidu.com/item/%E5%8D%97%E4%BA%AC%E6%9D%A1%E7%BA%A6/359269?fromModule=lemma_inlink\\\" rel=\\\"noopener noreferrer\\\" target=\\\"_blank\\\" style=\\\"color: rgb(19, 110, 194);\\\">南京条约</a>》，中国的主权独立和领土完整开始遭到破坏，从此，中国门户洞开，开始从封建社会逐步沦为半殖民地半封建社会。这一时期，一些爱国的知识分子开始觉醒，他们把目光投向国门之外，开始了“<a href=\\\"https://baike.baidu.com/item/%E5%B8%88%E5%A4%B7%E9%95%BF%E6%8A%80/6998169?fromModule=lemma_inlink\\\" rel=\\\"noopener noreferrer\\\" target=\\\"_blank\\\" style=\\\"color: rgb(19, 110, 194);\\\">师夷长技</a>”的探索。</p><p>\\t1856—1860年间，英、法为了扩大侵略权益，对中国挑起了<a href=\\\"https://baike.baidu.com/item/%E7%AC%AC%E4%BA%8C%E6%AC%A1%E9%B8%A6%E7%89%87%E6%88%98%E4%BA%89/282781?fromModule=lemma_inlink\\\" rel=\\\"noopener noreferrer\\\" target=\\\"_blank\\\" style=\\\"color: rgb(19, 110, 194);\\\">第二次鸦片战争</a>。美、俄趁火打劫。四国分别强迫清政府签订了《<a h','{\"msg\":\"操作成功\",\"code\":200}',0,NULL,'2024-06-30 15:10:38'),(264,'文章管理',2,'com.ruoyi.cms.blog.controller.CmsBlogController.edit()','PUT',1,'admin',NULL,'/cms/blog','127.0.0.1','内网IP','{\"tagIds\":[26],\"title\":\"鸦片战争\",\"type\":\"1\",\"content\":\"<p>\\t<a href=\\\"https://baike.baidu.com/item/%E9%B8%A6%E7%89%87%E6%88%98%E4%BA%89/29632?fromModule=lemma_inlink\\\" rel=\\\"noopener noreferrer\\\" target=\\\"_blank\\\" style=\\\"color: rgb(19, 110, 194);\\\">鸦片战争</a>前，中国是一个独立自主的封建国家。由于当时中国的<a href=\\\"https://baike.baidu.com/item/%E8%87%AA%E7%84%B6%E7%BB%8F%E6%B5%8E/751695?fromModule=lemma_inlink\\\" rel=\\\"noopener noreferrer\\\" target=\\\"_blank\\\" style=\\\"color: rgb(19, 110, 194);\\\">自然经济</a>占统治地位，在中英贸易中，中国处于<a href=\\\"https://baike.baidu.com/item/%E5%87%BA%E8%B6%85/788072?fromModule=lemma_inlink\\\" rel=\\\"noopener noreferrer\\\" target=\\\"_blank\\\" style=\\\"color: rgb(19, 110, 194);\\\">出超</a>地位。为了改变贸易入超的状况，英国不法商人向中国走私<a href=\\\"https://baike.baidu.com/item/%E9%B8%A6%E7%89%87/249904?fromModule=lemma_inlink\\\" rel=\\\"noopener noreferrer\\\" target=\\\"_blank\\\" style=\\\"color: rgb(19, 110, 194);\\\">鸦片</a>。鸦片的输入给中国社会带来了深重灾难。禁烟成为全社会共同的呼声。林则徐在广东领导的<a href=\\\"https://baike.baidu.com/item/%E7%A6%81%E7%83%9F%E8%BF%90%E5%8A%A8/12607624?fromModule=lemma_inlink\\\" rel=\\\"noopener noreferrer\\\" target=\\\"_blank\\\" style=\\\"color: rgb(19, 110, 194);\\\">禁烟运动</a>，给英国侵略者以沉重打击。1840年，英国发动了侵略中国的鸦片战争。战争中，广大爱国官兵和三元里人民进行了英勇战斗。但由于清政府奉行妥协方针，战争失败。1842年，英国强迫清政府签订中英《<a href=\\\"https://baike.baidu.com/item/%E5%8D%97%E4%BA%AC%E6%9D%A1%E7%BA%A6/359269?fromModule=lemma_inlink\\\" rel=\\\"noopener noreferrer\\\" target=\\\"_blank\\\" style=\\\"color: rgb(19, 110, 194);\\\">南京条约</a>》，中国的主权独立和领土完整开始遭到破坏，从此，中国门户洞开，开始从封建社会逐步沦为半殖民地半封建社会。这一时期，一些爱国的知识分子开始觉醒，他们把目光投向国门之外，开始了“<a href=\\\"https://baike.baidu.com/item/%E5%B8%88%E5%A4%B7%E9%95%BF%E6%8A%80/6998169?fromModule=lemma_inlink\\\" rel=\\\"noopener noreferrer\\\" target=\\\"_blank\\\" style=\\\"color: rgb(19, 110, 194);\\\">师夷长技</a>”的探索。</p><p>\\t1856—1860年间，英、法为了扩大侵略权益，对中国挑起了<a href=\\\"https://baike.baidu.com/item/%E7%AC%AC%E4%BA%8C%E6%AC%A1%E9%B8%A6%E7%89%87%E6%88%98%E4%BA%89/282781?fromModule=lemma_inlink\\\" rel=\\\"noopener noreferrer\\\" target=\\\"_blank\\\" style=\\\"color: rgb(19, 110, 194);\\\">第二次鸦片战争</a>。美、俄趁火打劫。四国分别强迫清政府签订了《<a h','{\"msg\":\"操作成功\",\"code\":200}',0,NULL,'2024-06-30 15:10:50'),(265,'文章管理',2,'com.ruoyi.cms.blog.controller.CmsBlogController.edit()','PUT',1,'admin',NULL,'/cms/blog','127.0.0.1','内网IP','{\"tagIds\":[],\"title\":\"太平天国运动\",\"type\":\"1\",\"content\":\"<p><span style=\\\"color: rgb(34, 34, 34);\\\">寨沟主体呈“Y”字形，由树正沟、日则沟和则查洼沟三条沟组成，总长50余公里，景区内有环保观光车穿梭行驶，招手即停，一般是乘坐环保车一个个景点玩下来。如果细细品味的话，一天的时间是严重不够的。景区推出的淡季二次进沟是不错的选择。</span>想去九寨沟，推荐从成都出发，四日游玩法比较适合时间充足灵活的朋友，费用大概在1500—1700元之间会比较舒适，在于餐和住宿的区别。四日游是游玩九寨沟最佳的游玩方式（给九寨沟景区留够整两天），时间比较充足，游玩起来也比较轻松。行程如下：</p><p>第一天：成都—都江堰熊猫乐园—叠溪海子—松潘古城—九寨沟</p><p>第二天：景区门口—日则沟—则渣洼沟—景区门口</p><p>第三天：景区门口(二次进沟）—树正沟—景区门口</p><p>第四天：九寨沟—川主寺—黄龙—成都</p><p>景区二日游路线</p><p>D1：沟口——镜海——诺日朗中心——日则沟（箭竹海——箭竹海瀑布——熊猫海——五花海——珍珠滩——珍珠滩瀑布）——镜海——诺日朗瀑布——犀牛海——沟口</p><p>D2：沟口——诺日朗中心——长海——五彩池——树正沟（老虎海——树正海群——芦苇海——盆景滩）——扎如寺——沟口</p><p class=\\\"ql-align-center\\\"> </p><p>四川九寨沟景点</p><p>五花海 ：五花海位于九寨沟三条沟的日则沟中段，孔雀河上游，由于海底的钙华沉积、各种色泽艳丽的藻类以及岸边五彩斑斓的林木倒影，使得五花海呈现出鹅黄、藏青、墨绿、宝蓝等各种颜色，故称“五花海”。</p><p><span style=\\\"color: rgb(34, 34, 34);\\\">镜海：镜海，因为湖面一平如镜，故得其名。这里是九寨沟看倒影的好地方。每当晨曦初露或朝霞遍染之时，蓝天白云、远山近树，尽纳海底。早9点前和晚5点后无风的时候，是拍摄镜海倒影的最佳时间。</span></p><p><span style=\\\"color: rgb(34, 34, 34);\\\">珍珠滩：上游珍珠滩瀑布的激流，在凹凸不平的乳黄色钙化滩面上溅起无数水珠，阳光下，点点水珠就像巨型扇贝里的粒粒珍珠，远看河中流动着一河洁白的珍珠。这就是珍珠滩</span></p><p><span style=\\\"color: rgb(34, 34, 34);\\\">仙女池：仙女池位于九寨沟神仙池景区内，又叫大海池。传说这里曾经是仙女沐浴的地方，神仙池也因此而得名。仙女池色泽蔚蓝，与大海的色差不大，而且面积不小。远远望去，犹如一颗精美的波斯蓝宝石，在阳光的照射下是那样的宁静和美丽。</span></p><p><span style=\\\"color: rgb(34, 34, 34);\\\">瑶池：瑶池位于九寨沟神仙池风景区内，有诗诵之为“蓝天白云清风里，山林草海碧水间”。它那巧夺天工的形态，清澈通透的湖水，犹如一颗宝石镶嵌在了天然的绿色地毯上。神仙池景色通常是一池连一瀑，有瀑就有池。而金银滩上的瑶池，则是由数个大小不等的钙化池曲状相连。</span></p><p><span style=\\\"color: rgb(34, 34, 34);\\\">“九寨归来不看水”，是对九寨沟景色真实的诠释。泉、瀑、河、滩108个海子，构成一个个五彩斑斓的瑶池玉盆。长海、剑岩、诺日朗、树正、扎如、黑海六大景观，翠海、叠瀑、彩林、雪峰、藏情、蓝冰，被称为“六绝”。神奇的九寨，被世人誉为“童话世界”，号称“水景之王”。</span></p><p class=\\\"ql-align-center\\\">想获取更多旅游攻略，请点击下方咨询按钮，</p><p class=\\\"ql-align-center\\\">为你定制专属旅程，不用自己做攻略，</p><p class=\\\"ql-align-center\\\">24小时客服随时解决难题，给你一个轻松自由愉快的旅行。</p><p>【春日看点】满沟的桃花盛开和绿树抽新芽的盎然生机。</p><p>春天的九寨沟，冰雪融化、新绿发芽，红的、黄的、粉的、蓝的，美丽的花朵染遍了山野，最受游客关注的当属处处盛开的野桃花。九寨沟南高北低，沟口的海拔仅2000m，中部峰岭均在4000m以上，南缘达4500m以上，主沟长30多公里。因此，春天的时候，山脚一片春花烂漫，山林还处于残冬，长海则尚未解冻。清澈的水流从尚未完全解冻的薄冰下流过，更添一丝的梦幻。</p><p>【秋季看点】彩林、叠瀑、蓝天、倒影</p><p>秋天是九寨沟最为灿烂的季节，山林晕染成色，这里集合了秋天所有的色彩','{\"msg\":\"操作成功\",\"code\":200}',0,NULL,'2024-06-30 15:11:22'),(266,'文章管理',2,'com.ruoyi.cms.blog.controller.CmsBlogController.edit()','PUT',1,'admin',NULL,'/cms/blog','127.0.0.1','内网IP','{\"tagIds\":[26],\"title\":\"太平天国运动\",\"type\":\"1\",\"content\":\"<p>\\t<span style=\\\"color: rgb(51, 51, 51);\\\">第一次鸦片战争后，清朝国内阶级矛盾空前激化，农民起义风起云涌。1851年，</span>\\t<a href=\\\"https://baike.baidu.com/item/%E6%B4%AA%E7%A7%80%E5%85%A8/233873?fromModule=lemma_inlink\\\" rel=\\\"noopener noreferrer\\\" target=\\\"_blank\\\" style=\\\"color: rgb(19, 110, 194);\\\">洪秀全</a>\\t<span style=\\\"color: rgb(51, 51, 51);\\\">发动</span>\\t<a href=\\\"https://baike.baidu.com/item/%E9%87%91%E7%94%B0%E8%B5%B7%E4%B9%89/1003573?fromModule=lemma_inlink\\\" rel=\\\"noopener noreferrer\\\" target=\\\"_blank\\\" style=\\\"color: rgb(19, 110, 194);\\\">金田起义</a>\\t<span style=\\\"color: rgb(51, 51, 51);\\\">，建立了</span>\\t<a href=\\\"https://baike.baidu.com/item/%E5%A4%AA%E5%B9%B3%E5%A4%A9%E5%9B%BD/61829?fromModule=lemma_inlink\\\" rel=\\\"noopener noreferrer\\\" target=\\\"_blank\\\" style=\\\"color: rgb(19, 110, 194);\\\">太平天国</a>\\t<span style=\\\"color: rgb(51, 51, 51);\\\">政权；1853年，太平天国定都</span>\\t<a href=\\\"https://baike.baidu.com/item/%E5%A4%A9%E4%BA%AC/3135781?fromModule=lemma_inlink\\\" rel=\\\"noopener noreferrer\\\" target=\\\"_blank\\\" style=\\\"color: rgb(19, 110, 194);\\\">天京</a>\\t<span style=\\\"color: rgb(51, 51, 51);\\\">（今南京），颁布《</span>\\t<a href=\\\"https://baike.baidu.com/item/%E5%A4%A9%E6%9C%9D%E7%94%B0%E4%BA%A9%E5%88%B6%E5%BA%A6/788967?fromModule=lemma_inlink\\\" rel=\\\"noopener noreferrer\\\" target=\\\"_blank\\\" style=\\\"color: rgb(19, 110, 194);\\\">天朝田亩制度</a>\\t<span style=\\\"color: rgb(51, 51, 51);\\\">》；1856年，太平天国军事上达到了全盛时期，沉重地打击了清王朝的封建主义统治；但是，领导集团内部的矛盾激化，引发了</span>\\t<a href=\\\"https://baike.baidu.com/item/%E5%A4%A9%E4%BA%AC%E4%BA%8B%E5%8F%98/2522795?fromModule=lemma_inlink\\\" rel=\\\"noopener noreferrer\\\" target=\\\"_blank\\\" style=\\\"color: rgb(19, 110, 194);\\\">天京事变</a>\\t<span style=\\\"color: rgb(51, 51, 51);\\\">，使太平天国元气大伤。太平天国后期，</span>\\t<a href=\\\"https://baike.baidu.com/item/%E6%B4%AA%E4%BB%81%E7%8E%95/6733987?fromModule=lemma_inlink\\\" rel=\\\"noopener noreferrer\\\" target=\\\"_blank\\\" style=\\\"color: rgb(19, 110, 194);\\\">洪仁玕</a>\\t<span style=\\\"color: rgb(51, 51, 51);\\\">等一些领导人实行了一些政治改革，提出了具有发展资本','{\"msg\":\"操作成功\",\"code\":200}',0,NULL,'2024-06-30 15:11:47'),(267,'文章管理',2,'com.ruoyi.cms.blog.controller.CmsBlogController.edit()','PUT',1,'admin',NULL,'/cms/blog','127.0.0.1','内网IP','{\"tagIds\":[26],\"title\":\"清朝后期资本主义的产生和民族危机的加深\",\"type\":\"1\",\"content\":\"<p>太好玩啦</p>\",\"top\":\"0\",\"updateBy\":\"admin\",\"blogDesc\":\"好玩\",\"id\":23,\"contentType\":\"1\",\"views\":1,\"blogPicLink\":\"\",\"types\":[],\"blogPicType\":\"0\",\"updateTime\":1719731574293,\"params\":{},\"tags\":[],\"blogPic\":\"\",\"createBy\":\"yuanren\",\"createTime\":1712830266000,\"typeIds\":[16],\"status\":\"1\"}','{\"msg\":\"操作成功\",\"code\":200}',0,NULL,'2024-06-30 15:12:54'),(268,'文章管理',2,'com.ruoyi.cms.blog.controller.CmsBlogController.edit()','PUT',1,'admin',NULL,'/cms/blog','127.0.0.1','内网IP','{\"tagIds\":[26],\"title\":\"清朝后期资本主义的产生和民族危机的加深\",\"type\":\"1\",\"content\":\"<p>\\t19世纪60年代，清朝统治阶级内部出现了<a href=\\\"https://baike.baidu.com/item/%E6%B4%8B%E5%8A%A1%E6%B4%BE/2757554?fromModule=lemma_inlink\\\" rel=\\\"noopener noreferrer\\\" target=\\\"_blank\\\" style=\\\"color: rgb(19, 110, 194);\\\">洋务派</a>。从60年代到90年代，他们掀起了一场“师夷长技以自强”的洋务运动。洋务运动没有使中国走上富强的道路，但在客观上刺激了中国资本主义的发展，促进了中国近代化的历程。</p><p>\\t19世纪六七十年代，中国社会出现了资本主义的生产方式，中国<a href=\\\"https://baike.baidu.com/item/%E6%B0%91%E6%97%8F%E8%B5%84%E4%BA%A7%E9%98%B6%E7%BA%A7/1601991?fromModule=lemma_inlink\\\" rel=\\\"noopener noreferrer\\\" target=\\\"_blank\\\" style=\\\"color: rgb(19, 110, 194);\\\">民族资产阶级</a>产生了。中国民族资产阶级对外国资本主义侵略和本国封建主义压迫既有革命性的一面，又有妥协性的一面。中国<a href=\\\"https://baike.baidu.com/item/%E6%97%A0%E4%BA%A7%E9%98%B6%E7%BA%A7/555390?fromModule=lemma_inlink\\\" rel=\\\"noopener noreferrer\\\" target=\\\"_blank\\\" style=\\\"color: rgb(19, 110, 194);\\\">无产阶级</a>产生于40年代，早于民族资产阶级，是中国新生产力的代表者，具有最坚决、最彻底的革命性。</p><p>\\t19世纪末，随着世界资本主义向<a href=\\\"https://baike.baidu.com/item/%E5%B8%9D%E5%9B%BD%E4%B8%BB%E4%B9%89/1106449?fromModule=lemma_inlink\\\" rel=\\\"noopener noreferrer\\\" target=\\\"_blank\\\" style=\\\"color: rgb(19, 110, 194);\\\">帝国主义</a>过渡，帝国主义国家更加紧了对中国的侵略。1883年和1894年，先后爆发了<a href=\\\"https://baike.baidu.com/item/%E4%B8%AD%E6%B3%95%E6%88%98%E4%BA%89/455973?fromModule=lemma_inlink\\\" rel=\\\"noopener noreferrer\\\" target=\\\"_blank\\\" style=\\\"color: rgb(19, 110, 194);\\\">中法战争</a>和<a href=\\\"https://baike.baidu.com/item/%E4%B8%AD%E6%97%A5%E7%94%B2%E5%8D%88%E6%88%98%E4%BA%89/461750?fromModule=lemma_inlink\\\" rel=\\\"noopener noreferrer\\\" target=\\\"_blank\\\" style=\\\"color: rgb(19, 110, 194);\\\">中日甲午战争</a>。《<a href=\\\"https://baike.baidu.com/item/%E4%B8%AD%E6%B3%95%E6%96%B0%E7%BA%A6/2268052?fromModule=lemma_inlink\\\" rel=\\\"noopener noreferrer\\\" target=\\\"_blank\\\" style=\\\"color: rgb(19, 110, 194);\\\">中法新约</a>》的签订，使法国进一步打开了中国西南的门户；中日《<a href=\\\"https://baike.baidu.com/item/%E9%A9%AC%E5%85%B3%E6%9D%A1%E7%BA%A6/958565?fromModule=lemma_inlink\\\" rel=\\\"noopener noreferrer\\\" target=\\\"_blank\\\" style=\\\"color: rgb(19, 11','{\"msg\":\"操作成功\",\"code\":200}',0,NULL,'2024-06-30 15:13:20'),(269,'文章管理',2,'com.ruoyi.cms.blog.controller.CmsBlogController.edit()','PUT',1,'admin',NULL,'/cms/blog','127.0.0.1','内网IP','{\"tagIds\":[26],\"title\":\"戊戌变法和义和团运动\",\"type\":\"1\",\"content\":\"<div data-inline-code-theme=\\\"red\\\" data-code-block-theme=\\\"tomorrow-night\\\"><p data-lines=\\\"21\\\" data-type=\\\"p\\\" data-sign=\\\"f7fc16d49998d2dd5fd8c8865b6a72ed21\\\" class=\\\"cherry-highlight-line\\\">1.汤底<br>清汤，芫茜皮蛋，沙爹锅，猪骨煲，鲜鱼汤，蕃茄薯仔，药膳鱼头锅，清汤腩煲，冬荫功，香草龙虾汤，健康生果汤，胡椒什菌锅，面豉汤，花雕醉鸡锅，鲜人参杞子鸡锅，四川麻辣锅，川味牛柳汤，香浓港式咖喱锅，咸菜胡椒粉肠肚汤<br>2.牛类<br>本地肥牛，金钱牛展，牛脷，清汤腩，鲜滑牛肉，鲜黑牛柏叶，雪白牛柏叶，牛骨髓，有料牛肉卷，露笋牛肉卷，松板霜降和牛，神户牛肉<br>3.肉类<br>极黑豚猪腩肉，肉眼根，猪下青，猪腩肉片，鲜鸡，醉鸡，鸡软骨，鲜鸡子，鲜鹅肠，羊仔肉，猪腰，猪润，天梯，王喉，猪皮，猪红，滑鸡肉，羊仔肉，猪大肠，驼鸟肉，鲜田鸡，鲜猪粉肠<br>4.刺身<br>苏格兰蛏子皇，龙虾，青边鲍鱼，黑边鲍鱼，牡丹虾<br>5.极品海鲜类<br>东星斑，花尾疐，大花虾，大花蟹，鲍鱼，滋阴水鱼，极级日本原只皇帝蟹<br>6.海鲜类原条生猛海斑，龙虾仔，向螺片，阿拉斯加蟹脚，加拿大筒蚝，流浮山生蚝，纽西兰翡翠螺，纽西兰半壳青口，花蟹，生海虾，养颜花胶，鲜带子，桂花蚌，珊瑚蚌，脆肉鲩鱼，鲩鱼腩，鲩鱼鳔，鱼头，大生鱼片，鳝片，原只日本鲜鱿鱼，花枝片，水尤鱼，乾吊片，鲜尤鱼片<br>7.丸子类<br>芝士鸡肉丸，酱爆鹅肝丸，麻辣鲜牛丸，金华火腿包心丸，手工水晶虾丸，水晶龙虾丸，手打鲜墨鱼丸，粗牛根丸，手打鲜牛丸，手打鲜肉丸，手打鲜鸡丸，手打鲜鲮鱼丸，潮洲鱼旦<br>8.其他<br>金菇，山根，潮洲炸鱼皮，鱼片头，潮洲鱼饺，蟹肉鲜肉饺，菜肉饺，云吞，韭菜饺，鲜虾酿冬菇，鲜炸鱼腐，鲜鱼酿豆卜，鲮鱼滑，墨鱼滑，大闸蟹粉鲜肉饺，日本滑豆腐，日本芝麻豆腐，日本高野豆腐，竹笙，生根，枝竹，鲜腐竹<br>9.鲜菌类<br>什菌，鲜冬菇，金菇菜，百灵菇，鸡脾菇，秀珍菇，黑木耳，鲍鱼菇<br>10.时蔬类<br>菠菜，蕃薯苗，菜心，芥兰，小棠菜，唐生菜，西洋菜，油蜜菜，白菜仔，唐莴，大豆芽，苋菜，潺菜，津白，粟米，冬瓜，蕃茄，莲藕片，萝卜，鲜淮山，鲜露笋，鲜马蹄肉<br>11.粉面类<br>日本稻庭乌冬，日本手打乌冬，日本绿茶面，日本梅花面，昭和播州乔麦面，全蛋生面，虾子面，新竹米粉，濶条粉丝</p></div>\",\"top\":\"0\",\"updateBy\":\"admin\",\"blogDesc\":\" 火锅可以说是现在非常受欢迎的一种美食，具有不可替代的地位。火锅最早是在北方兴起，后面逐渐在各地兴起\",\"id\":22,\"contentType\":\"2\",\"views\":99,\"blogPicLink\":\"\",\"types\":[{\"typeName\":\"新民主主义革命阶段\",\"updateTime\":1719731119000,\"params\":{},\"createBy\":\"若依\",\"typePicType\":\"0\",\"createTime\":1641277883000,\"updateBy\":\"admin\",\"typePic\":\"\",\"typeId\":14,\"blogNum\":0,\"typePicLink\":\"\"}],\"blogPicType\":\"1\",\"contentMarkdown\":\"1.汤底\\n清汤，芫茜皮蛋，沙爹锅，猪骨煲，鲜鱼汤，蕃茄薯仔，药膳鱼头锅，清汤腩煲，冬荫功，香草龙虾汤，健康生果汤，胡椒什菌锅，面豉汤，花雕醉鸡锅，鲜人参杞子鸡锅，四川麻辣锅，川味牛柳汤，香浓港式咖喱锅，咸菜胡椒粉肠肚汤\\n2.牛类\\n本地肥牛，金钱牛展，牛脷，清汤腩，鲜滑牛肉，鲜黑牛柏叶，雪白牛柏叶，牛骨髓，有料牛肉卷，露笋牛肉卷，松板霜降和牛，神户牛肉\\n3.肉类\\n极黑豚猪腩肉，肉眼根，猪下青，猪腩肉片，鲜鸡，醉鸡，鸡软骨，鲜鸡子，鲜鹅肠，羊仔肉，猪腰，猪润，天梯，王喉，猪皮，猪红，滑鸡肉，羊仔肉，猪大肠，驼鸟肉，鲜田鸡，鲜猪粉肠\\n4.刺身\\n苏格兰蛏子皇，龙虾，青边鲍鱼，黑边鲍鱼，牡丹虾\\n5.极品海鲜类\\n东星斑，花尾疐，大花虾，大花蟹，鲍鱼，滋阴水鱼，极级日本原只皇帝蟹\\n6.海鲜类原条生猛海斑，龙虾仔，向螺片，阿拉斯加蟹脚，加拿大筒蚝，流浮山生蚝，纽西兰翡翠螺，纽西兰半壳青口，花蟹，生海虾，养颜花胶，鲜带子，桂花蚌，珊瑚蚌，脆肉鲩鱼，鲩鱼腩，鲩鱼鳔，鱼头','{\"msg\":\"操作成功\",\"code\":200}',0,NULL,'2024-06-30 15:14:04'),(270,'文章管理',2,'com.ruoyi.cms.blog.controller.CmsBlogController.edit()','PUT',1,'admin',NULL,'/cms/blog','127.0.0.1','内网IP','{\"tagIds\":[26],\"title\":\"鸦片战争\",\"type\":\"1\",\"content\":\"<p>\\t<a href=\\\"https://baike.baidu.com/item/%E9%B8%A6%E7%89%87%E6%88%98%E4%BA%89/29632?fromModule=lemma_inlink\\\" rel=\\\"noopener noreferrer\\\" target=\\\"_blank\\\" style=\\\"color: rgb(19, 110, 194);\\\">鸦片战争</a>前，中国是一个独立自主的封建国家。由于当时中国的<a href=\\\"https://baike.baidu.com/item/%E8%87%AA%E7%84%B6%E7%BB%8F%E6%B5%8E/751695?fromModule=lemma_inlink\\\" rel=\\\"noopener noreferrer\\\" target=\\\"_blank\\\" style=\\\"color: rgb(19, 110, 194);\\\">自然经济</a>占统治地位，在中英贸易中，中国处于<a href=\\\"https://baike.baidu.com/item/%E5%87%BA%E8%B6%85/788072?fromModule=lemma_inlink\\\" rel=\\\"noopener noreferrer\\\" target=\\\"_blank\\\" style=\\\"color: rgb(19, 110, 194);\\\">出超</a>地位。为了改变贸易入超的状况，英国不法商人向中国走私<a href=\\\"https://baike.baidu.com/item/%E9%B8%A6%E7%89%87/249904?fromModule=lemma_inlink\\\" rel=\\\"noopener noreferrer\\\" target=\\\"_blank\\\" style=\\\"color: rgb(19, 110, 194);\\\">鸦片</a>。鸦片的输入给中国社会带来了深重灾难。禁烟成为全社会共同的呼声。林则徐在广东领导的<a href=\\\"https://baike.baidu.com/item/%E7%A6%81%E7%83%9F%E8%BF%90%E5%8A%A8/12607624?fromModule=lemma_inlink\\\" rel=\\\"noopener noreferrer\\\" target=\\\"_blank\\\" style=\\\"color: rgb(19, 110, 194);\\\">禁烟运动</a>，给英国侵略者以沉重打击。1840年，英国发动了侵略中国的鸦片战争。战争中，广大爱国官兵和三元里人民进行了英勇战斗。但由于清政府奉行妥协方针，战争失败。1842年，英国强迫清政府签订中英《<a href=\\\"https://baike.baidu.com/item/%E5%8D%97%E4%BA%AC%E6%9D%A1%E7%BA%A6/359269?fromModule=lemma_inlink\\\" rel=\\\"noopener noreferrer\\\" target=\\\"_blank\\\" style=\\\"color: rgb(19, 110, 194);\\\">南京条约</a>》，中国的主权独立和领土完整开始遭到破坏，从此，中国门户洞开，开始从封建社会逐步沦为半殖民地半封建社会。这一时期，一些爱国的知识分子开始觉醒，他们把目光投向国门之外，开始了“<a href=\\\"https://baike.baidu.com/item/%E5%B8%88%E5%A4%B7%E9%95%BF%E6%8A%80/6998169?fromModule=lemma_inlink\\\" rel=\\\"noopener noreferrer\\\" target=\\\"_blank\\\" style=\\\"color: rgb(19, 110, 194);\\\">师夷长技</a>”的探索。</p><p>\\t1856—1860年间，英、法为了扩大侵略权益，对中国挑起了<a href=\\\"https://baike.baidu.com/item/%E7%AC%AC%E4%BA%8C%E6%AC%A1%E9%B8%A6%E7%89%87%E6%88%98%E4%BA%89/282781?fromModule=lemma_inlink\\\" rel=\\\"noopener noreferrer\\\" target=\\\"_blank\\\" style=\\\"color: rgb(19, 110, 194);\\\">第二次鸦片战争</a>。美、俄趁火打劫。四国分别强迫清政府签订了《<a h','{\"msg\":\"操作成功\",\"code\":200}',0,NULL,'2024-06-30 15:14:09'),(271,'文章管理',2,'com.ruoyi.cms.blog.controller.CmsBlogController.edit()','PUT',1,'admin',NULL,'/cms/blog','127.0.0.1','内网IP','{\"tagIds\":[26],\"title\":\"清朝后期资本主义的产生和民族危机的加深\",\"type\":\"1\",\"content\":\"<p>\\t19世纪60年代，清朝统治阶级内部出现了<a href=\\\"https://baike.baidu.com/item/%E6%B4%8B%E5%8A%A1%E6%B4%BE/2757554?fromModule=lemma_inlink\\\" rel=\\\"noopener noreferrer\\\" target=\\\"_blank\\\" style=\\\"color: rgb(19, 110, 194);\\\">洋务派</a>。从60年代到90年代，他们掀起了一场“师夷长技以自强”的洋务运动。洋务运动没有使中国走上富强的道路，但在客观上刺激了中国资本主义的发展，促进了中国近代化的历程。</p><p>\\t19世纪六七十年代，中国社会出现了资本主义的生产方式，中国<a href=\\\"https://baike.baidu.com/item/%E6%B0%91%E6%97%8F%E8%B5%84%E4%BA%A7%E9%98%B6%E7%BA%A7/1601991?fromModule=lemma_inlink\\\" rel=\\\"noopener noreferrer\\\" target=\\\"_blank\\\" style=\\\"color: rgb(19, 110, 194);\\\">民族资产阶级</a>产生了。中国民族资产阶级对外国资本主义侵略和本国封建主义压迫既有革命性的一面，又有妥协性的一面。中国<a href=\\\"https://baike.baidu.com/item/%E6%97%A0%E4%BA%A7%E9%98%B6%E7%BA%A7/555390?fromModule=lemma_inlink\\\" rel=\\\"noopener noreferrer\\\" target=\\\"_blank\\\" style=\\\"color: rgb(19, 110, 194);\\\">无产阶级</a>产生于40年代，早于民族资产阶级，是中国新生产力的代表者，具有最坚决、最彻底的革命性。</p><p>\\t19世纪末，随着世界资本主义向<a href=\\\"https://baike.baidu.com/item/%E5%B8%9D%E5%9B%BD%E4%B8%BB%E4%B9%89/1106449?fromModule=lemma_inlink\\\" rel=\\\"noopener noreferrer\\\" target=\\\"_blank\\\" style=\\\"color: rgb(19, 110, 194);\\\">帝国主义</a>过渡，帝国主义国家更加紧了对中国的侵略。1883年和1894年，先后爆发了<a href=\\\"https://baike.baidu.com/item/%E4%B8%AD%E6%B3%95%E6%88%98%E4%BA%89/455973?fromModule=lemma_inlink\\\" rel=\\\"noopener noreferrer\\\" target=\\\"_blank\\\" style=\\\"color: rgb(19, 110, 194);\\\">中法战争</a>和<a href=\\\"https://baike.baidu.com/item/%E4%B8%AD%E6%97%A5%E7%94%B2%E5%8D%88%E6%88%98%E4%BA%89/461750?fromModule=lemma_inlink\\\" rel=\\\"noopener noreferrer\\\" target=\\\"_blank\\\" style=\\\"color: rgb(19, 110, 194);\\\">中日甲午战争</a>。《<a href=\\\"https://baike.baidu.com/item/%E4%B8%AD%E6%B3%95%E6%96%B0%E7%BA%A6/2268052?fromModule=lemma_inlink\\\" rel=\\\"noopener noreferrer\\\" target=\\\"_blank\\\" style=\\\"color: rgb(19, 110, 194);\\\">中法新约</a>》的签订，使法国进一步打开了中国西南的门户；中日《<a href=\\\"https://baike.baidu.com/item/%E9%A9%AC%E5%85%B3%E6%9D%A1%E7%BA%A6/958565?fromModule=lemma_inlink\\\" rel=\\\"noopener noreferrer\\\" target=\\\"_blank\\\" style=\\\"color: rgb(19, 11','{\"msg\":\"操作成功\",\"code\":200}',0,NULL,'2024-06-30 15:14:14'),(272,'文章管理',2,'com.ruoyi.cms.blog.controller.CmsBlogController.edit()','PUT',1,'admin',NULL,'/cms/blog','127.0.0.1','内网IP','{\"tagIds\":[26],\"title\":\"戊戌变法和义和团运动\",\"type\":\"1\",\"content\":\"<p>\\t中日甲午战争后，由于民族危机空前严重和中国民族资本主义的初步发展，民族资产阶级开始作为新的政治力量登上历史舞台。以<a href=\\\"https://baike.baidu.com/item/%E5%BA%B7%E6%9C%89%E4%B8%BA/113297?fromModule=lemma_inlink\\\" rel=\\\"noopener noreferrer\\\" target=\\\"_blank\\\" style=\\\"color: rgb(19, 110, 194);\\\">康有为</a>、<a href=\\\"https://baike.baidu.com/item/%E6%A2%81%E5%90%AF%E8%B6%85/119077?fromModule=lemma_inlink\\\" rel=\\\"noopener noreferrer\\\" target=\\\"_blank\\\" style=\\\"color: rgb(19, 110, 194);\\\">梁启超</a>为首的资产阶级<a href=\\\"https://baike.baidu.com/item/%E7%BB%B4%E6%96%B0%E6%B4%BE/10841975?fromModule=lemma_inlink\\\" rel=\\\"noopener noreferrer\\\" target=\\\"_blank\\\" style=\\\"color: rgb(19, 110, 194);\\\">维新派</a>为了挽救民族危亡和发展资本主义，掀起<a href=\\\"https://baike.baidu.com/item/%E7%BB%B4%E6%96%B0%E5%8F%98%E6%B3%95/740781?fromModule=lemma_inlink\\\" rel=\\\"noopener noreferrer\\\" target=\\\"_blank\\\" style=\\\"color: rgb(19, 110, 194);\\\">维新变法</a>运动。以<a href=\\\"https://baike.baidu.com/item/%E6%85%88%E7%A6%A7%E5%A4%AA%E5%90%8E/114363?fromModule=lemma_inlink\\\" rel=\\\"noopener noreferrer\\\" target=\\\"_blank\\\" style=\\\"color: rgb(19, 110, 194);\\\">慈禧太后</a>等为代表的封建顽固守旧势力发动政变，使维新变法归于失败。这场资产阶级性质的改良运动，在社会上起到了思想启蒙的作用，有利于资产阶级思想文化的传播。同时，它的失败也说明，资产阶级改良道路在中国行不通。</p><p>\\t<a href=\\\"https://baike.baidu.com/item/%E4%B9%89%E5%92%8C%E5%9B%A2%E8%BF%90%E5%8A%A8/300320?fromModule=lemma_inlink\\\" rel=\\\"noopener noreferrer\\\" target=\\\"_blank\\\" style=\\\"color: rgb(19, 110, 194);\\\">义和团运动</a>是一场反帝爱国运动。这一运动粉碎了帝国主义列强瓜分中国的狂妄计划，沉重打击了清政府的反动统治，加速了它的灭亡。1900年夏，英、俄、日、法、德、美、意、奥<a href=\\\"https://baike.baidu.com/item/%E5%85%AB%E5%9B%BD%E8%81%94%E5%86%9B/84401?fromModule=lemma_inlink\\\" rel=\\\"noopener noreferrer\\\" target=\\\"_blank\\\" style=\\\"color: rgb(19, 110, 194);\\\">八国联军</a>侵略中国。1901年，清政府被迫同八国及比利时、荷兰、西班牙等11国签订了丧权辱国的《<a href=\\\"https://baike.baidu.com/item/%E8%BE%9B%E4%B8%91%E6%9D%A1%E7%BA%A6/599439?fromModule=lemma_inlink\\\" rel=\\\"noopener noreferrer\\\" target=\\\"_blank\\\" style=\\\"color: rgb(19, 110, 194);\\\">辛丑条约</a>》，标志着中国半殖民地半封建社会的形成。</p>\",\"top\":\"0\",\"updateBy\":\"ad','{\"msg\":\"操作成功\",\"code\":200}',0,NULL,'2024-06-30 15:14:44'),(273,'文章管理',2,'com.ruoyi.cms.blog.controller.CmsBlogController.edit()','PUT',1,'admin',NULL,'/cms/blog','127.0.0.1','内网IP','{\"tagIds\":[26],\"title\":\"辛亥革命和清朝的灭亡\",\"type\":\"1\",\"content\":\"<p> \\t\\t1894年，<a href=\\\"https://baike.baidu.com/item/%E5%AD%99%E4%B8%AD%E5%B1%B1/128084?fromModule=lemma_inlink\\\" rel=\\\"noopener noreferrer\\\" target=\\\"_blank\\\" style=\\\"color: rgb(19, 110, 194);\\\">孙中山</a>创立了中国资产阶级第一个革命团体<a href=\\\"https://baike.baidu.com/item/%E5%85%B4%E4%B8%AD%E4%BC%9A/1046040?fromModule=lemma_inlink\\\" rel=\\\"noopener noreferrer\\\" target=\\\"_blank\\\" style=\\\"color: rgb(19, 110, 194);\\\">兴中会</a>。20世纪初，出现了<a href=\\\"https://baike.baidu.com/item/%E7%AB%A0%E7%82%B3%E9%BA%9F/1180332?fromModule=lemma_inlink\\\" rel=\\\"noopener noreferrer\\\" target=\\\"_blank\\\" style=\\\"color: rgb(19, 110, 194);\\\">章炳麟</a>、<a href=\\\"https://baike.baidu.com/item/%E9%82%B9%E5%AE%B9/10193?fromModule=lemma_inlink\\\" rel=\\\"noopener noreferrer\\\" target=\\\"_blank\\\" style=\\\"color: rgb(19, 110, 194);\\\">邹容</a>、<a href=\\\"https://baike.baidu.com/item/%E9%99%88%E5%A4%A9%E5%8D%8E/13810?fromModule=lemma_inlink\\\" rel=\\\"noopener noreferrer\\\" target=\\\"_blank\\\" style=\\\"color: rgb(19, 110, 194);\\\">陈天华</a>等著名民主革命思想家和宣传家，资产阶级民主革命思想得到广泛传播，资产阶级革命团体也相继建立起来。1905年<a href=\\\"https://baike.baidu.com/item/%E4%B8%AD%E5%9B%BD%E5%90%8C%E7%9B%9F%E4%BC%9A/3672038?fromModule=lemma_inlink\\\" rel=\\\"noopener noreferrer\\\" target=\\\"_blank\\\" style=\\\"color: rgb(19, 110, 194);\\\">中国同盟会</a>成立，标志着中国的资产阶级民主革命进入了一个新的阶段。<a href=\\\"https://baike.baidu.com/item/%E9%9D%A9%E5%91%BD%E6%B4%BE/6354905?fromModule=lemma_inlink\\\" rel=\\\"noopener noreferrer\\\" target=\\\"_blank\\\" style=\\\"color: rgb(19, 110, 194);\\\">革命派</a>通过与<a href=\\\"https://baike.baidu.com/item/%E4%BF%9D%E7%9A%87%E6%B4%BE/10085411?fromModule=lemma_inlink\\\" rel=\\\"noopener noreferrer\\\" target=\\\"_blank\\\" style=\\\"color: rgb(19, 110, 194);\\\">保皇派</a>的论战，使民主革命思想得到进一步传播，有力地推动了民主革命高潮的到来。</p><p>\\t同盟会成立后，革命党人发动了<a href=\\\"https://baike.baidu.com/item/%E8%90%8D%E6%B5%8F%E9%86%B4%E8%B5%B7%E4%B9%89/4154376?fromModule=lemma_inlink\\\" rel=\\\"noopener noreferrer\\\" target=\\\"_blank\\\" style=\\\"color: rgb(19, 110, 194);\\\">萍浏醴起义</a>、广州<a href=\\\"https://ba','{\"msg\":\"操作成功\",\"code\":200}',0,NULL,'2024-06-30 15:15:54'),(274,'文章管理',2,'com.ruoyi.cms.blog.controller.CmsBlogController.edit()','PUT',1,'admin',NULL,'/cms/blog','127.0.0.1','内网IP','{\"tagIds\":[26],\"title\":\"中华民国初期北洋军阀的统治\",\"type\":\"1\",\"content\":\"<p>\\t1912年3月，<a href=\\\"https://baike.baidu.com/item/%E8%A2%81%E4%B8%96%E5%87%AF/225928?fromModule=lemma_inlink\\\" rel=\\\"noopener noreferrer\\\" target=\\\"_blank\\\" style=\\\"color: rgb(19, 110, 194);\\\">袁世凯</a>篡夺了辛亥革命的果实，就任中华民国临时大总统，临时政府迁往北京，以袁世凯为首的<a href=\\\"https://baike.baidu.com/item/%E5%8C%97%E6%B4%8B%E5%86%9B%E9%98%80/366336?fromModule=lemma_inlink\\\" rel=\\\"noopener noreferrer\\\" target=\\\"_blank\\\" style=\\\"color: rgb(19, 110, 194);\\\">北洋军阀</a>政权建立起来。袁世凯对内镇压<a href=\\\"https://baike.baidu.com/item/%E5%9B%BD%E6%B0%91%E5%85%9A/226551?fromModule=lemma_inlink\\\" rel=\\\"noopener noreferrer\\\" target=\\\"_blank\\\" style=\\\"color: rgb(19, 110, 194);\\\">国民党</a>，对外出卖国家主权。孙中山号召武力讨袁，“<a href=\\\"https://baike.baidu.com/item/%E4%BA%8C%E6%AC%A1%E9%9D%A9%E5%91%BD/424567?fromModule=lemma_inlink\\\" rel=\\\"noopener noreferrer\\\" target=\\\"_blank\\\" style=\\\"color: rgb(19, 110, 194);\\\">二次革命</a>”发生。由于国民党力量涣散，“二次革命”很快失败。袁世凯镇压“二次革命”后，开始<a href=\\\"https://baike.baidu.com/item/%E5%A4%8D%E8%BE%9F%E5%B8%9D%E5%88%B6/10950996?fromModule=lemma_inlink\\\" rel=\\\"noopener noreferrer\\\" target=\\\"_blank\\\" style=\\\"color: rgb(19, 110, 194);\\\">复辟帝制</a>的活动。1915年底，<a href=\\\"https://baike.baidu.com/item/%E6%8A%A4%E5%9B%BD%E8%BF%90%E5%8A%A8/1434088?fromModule=lemma_inlink\\\" rel=\\\"noopener noreferrer\\\" target=\\\"_blank\\\" style=\\\"color: rgb(19, 110, 194);\\\">护国运动</a>爆发。袁世凯被迫取消帝制，不久即死去。</p><p>\\t袁世凯死后，中国出现了军阀割据的局面。1917年7月，军阀<a href=\\\"https://baike.baidu.com/item/%E5%BC%A0%E5%8B%8B/2300?fromModule=lemma_inlink\\\" rel=\\\"noopener noreferrer\\\" target=\\\"_blank\\\" style=\\\"color: rgb(19, 110, 194);\\\">张勋</a>以调停“<a href=\\\"https://baike.baidu.com/item/%E5%BA%9C%E9%99%A2%E4%B9%8B%E4%BA%89/1719822?fromModule=lemma_inlink\\\" rel=\\\"noopener noreferrer\\\" target=\\\"_blank\\\" style=\\\"color: rgb(19, 110, 194);\\\">府院之争</a>”为名，进北京拥戴<a href=\\\"https://baike.baidu.com/item/%E6%BA%A5%E4%BB%AA/373386?fromModule=lemma_inlink\\\" rel=\\\"noopener noreferrer\\\" target=\\\"_blank\\\" style=\\\"color: rgb(19, 110, 194);\\\">溥仪</','{\"msg\":\"操作成功\",\"code\":200}',0,NULL,'2024-06-30 15:16:28'),(275,'文章管理',2,'com.ruoyi.cms.blog.controller.CmsBlogController.edit()','PUT',1,'admin',NULL,'/cms/blog','127.0.0.1','内网IP','{\"tagIds\":[26],\"title\":\"五四运动和中国共产党的创立\",\"type\":\"1\",\"content\":\"<p>\\t随着中国资本主义经济的进一步发展，资产阶级强烈要求在中国实行资产阶级的民主政治，反对封建军阀统治，<a href=\\\"https://baike.baidu.com/item/%E6%96%B0%E6%96%87%E5%8C%96%E8%BF%90%E5%8A%A8/527309?fromModule=lemma_inlink\\\" rel=\\\"noopener noreferrer\\\" target=\\\"_blank\\\" style=\\\"color: rgb(19, 110, 194);\\\">新文化运动</a>应运而生。1915年，<a href=\\\"https://baike.baidu.com/item/%E9%99%88%E7%8B%AC%E7%A7%80/114833?fromModule=lemma_inlink\\\" rel=\\\"noopener noreferrer\\\" target=\\\"_blank\\\" style=\\\"color: rgb(19, 110, 194);\\\">陈独秀</a>在上海创办《<a href=\\\"https://baike.baidu.com/item/%E6%96%B0%E9%9D%92%E5%B9%B4/25994?fromModule=lemma_inlink\\\" rel=\\\"noopener noreferrer\\\" target=\\\"_blank\\\" style=\\\"color: rgb(19, 110, 194);\\\">新青年</a>》，成为新文化运动兴起的标志。“民主”和“科学”是新文化运动提出的口号。新文化运动在社会上掀起了一股思想解放的潮流。俄国<a href=\\\"https://baike.baidu.com/item/%E5%8D%81%E6%9C%88%E7%A4%BE%E4%BC%9A%E4%B8%BB%E4%B9%89%E9%9D%A9%E5%91%BD/903932?fromModule=lemma_inlink\\\" rel=\\\"noopener noreferrer\\\" target=\\\"_blank\\\" style=\\\"color: rgb(19, 110, 194);\\\">十月社会主义革命</a>胜利后，<a href=\\\"https://baike.baidu.com/item/%E6%9D%8E%E5%A4%A7%E9%92%8A/115618?fromModule=lemma_inlink\\\" rel=\\\"noopener noreferrer\\\" target=\\\"_blank\\\" style=\\\"color: rgb(19, 110, 194);\\\">李大钊</a>热情宣传十月革命，在中国第一次举起了社会主义的大旗，从而使新文化运动有了新的发展。</p><p>\\t<a href=\\\"https://baike.baidu.com/item/%E5%B7%B4%E9%BB%8E%E5%92%8C%E4%BC%9A/280824?fromModule=lemma_inlink\\\" rel=\\\"noopener noreferrer\\\" target=\\\"_blank\\\" style=\\\"color: rgb(19, 110, 194);\\\">巴黎和会</a>拒绝了中国代表的正义要求，把战败国德国在中国山东的权益转让给日本，激起中国人民强烈义愤。1919年，<a href=\\\"https://baike.baidu.com/item/%E4%BA%94%E5%9B%9B%E8%BF%90%E5%8A%A8/291670?fromModule=lemma_inlink\\\" rel=\\\"noopener noreferrer\\\" target=\\\"_blank\\\" style=\\\"color: rgb(19, 110, 194);\\\">五四运动</a>在北京爆发。6月初，运动发展成以工人阶级为主力的全国规模的群众爱国运动，并取得了初步胜利。五四运动具有重大的历史意义，是中国<a href=\\\"https://baike.baidu.com/item/%E6%96%B0%E6%B0%91%E4%B8%BB%E4%B8%BB%E4%B9%89%E9%9D%A9%E5%91%BD/605010?fromModule=lemma_inlink\\\" rel=\\\"noopener noreferrer\\\" target=\\\"_blank\\\" style=\\\"color: rgb(19, 110, 194);\\\">新民主主义革命</a>的','{\"msg\":\"操作成功\",\"code\":200}',0,NULL,'2024-06-30 15:17:22'),(276,'文章管理',2,'com.ruoyi.cms.blog.controller.CmsBlogController.edit()','PUT',1,'admin',NULL,'/cms/blog','127.0.0.1','内网IP','{\"tagIds\":[26],\"title\":\"第一次国共合作和北伐战争\",\"type\":\"1\",\"content\":\"<p>\\t1923年的“<a href=\\\"https://baike.baidu.com/item/%E4%BA%8C%E4%B8%83%E6%83%A8%E6%A1%88/515690?fromModule=lemma_inlink\\\" rel=\\\"noopener noreferrer\\\" target=\\\"_blank\\\" style=\\\"color: rgb(19, 110, 194);\\\">二七惨案</a>”，使中国共产党认识到，仅仅依靠工人阶级的力量是不够的，只有团结一切可以团结的力量，才可能把中国革命引向胜利。为此，中国共产党决定同孙中山领导的国民党合作，建立革命统一战线。1924年1月，中国国民党在广州举行第一次全国代表大会。<a href=\\\"https://baike.baidu.com/item/%E5%9B%BD%E6%B0%91%E5%85%9A%E2%80%9C%E4%B8%80%E5%A4%A7%E2%80%9D/10390068?fromModule=lemma_inlink\\\" rel=\\\"noopener noreferrer\\\" target=\\\"_blank\\\" style=\\\"color: rgb(19, 110, 194);\\\">国民党“一大”</a>的召开标志着国共两党合作的实现和革命统一战线的正式建立。在中国共产党和苏联的帮助下，国民党在广州黄埔建立了陆军军官学校（<a href=\\\"https://baike.baidu.com/item/%E9%BB%84%E5%9F%94%E5%86%9B%E6%A0%A1/287972?fromModule=lemma_inlink\\\" rel=\\\"noopener noreferrer\\\" target=\\\"_blank\\\" style=\\\"color: rgb(19, 110, 194);\\\">黄埔军校</a>），为建立国民革命军奠定了基础。</p><p>\\t国民党“一大”后，全国反帝反封建的国民大革命运动迅速开展起来。各地工人纷纷罢工，掀起反帝爱国运动的高潮，其中影响最大的是<a href=\\\"https://baike.baidu.com/item/%E4%BA%94%E5%8D%85%E8%BF%90%E5%8A%A8/291952?fromModule=lemma_inlink\\\" rel=\\\"noopener noreferrer\\\" target=\\\"_blank\\\" style=\\\"color: rgb(19, 110, 194);\\\">五卅运动</a>和<a href=\\\"https://baike.baidu.com/item/%E7%9C%81%E6%B8%AF%E5%A4%A7%E7%BD%A2%E5%B7%A5/3632812?fromModule=lemma_inlink\\\" rel=\\\"noopener noreferrer\\\" target=\\\"_blank\\\" style=\\\"color: rgb(19, 110, 194);\\\">省港大罢工</a>；广东、湖南等省的农民运动逐渐发展起来，广东革命政府还创办了培养农民运动骨干的讲习所（<a href=\\\"https://baike.baidu.com/item/%E5%B9%BF%E5%B7%9E%E5%86%9C%E6%B0%91%E8%BF%90%E5%8A%A8%E8%AE%B2%E4%B9%A0%E6%89%80/4484119?fromModule=lemma_inlink\\\" rel=\\\"noopener noreferrer\\\" target=\\\"_blank\\\" style=\\\"color: rgb(19, 110, 194);\\\">广州农民运动讲习所</a>）；1925年2月，广东革命政府组织武装力量，对军阀<a href=\\\"https://baike.baidu.com/item/%E9%99%88%E7%82%AF%E6%98%8E/645847?fromModule=lemma_inlink\\\" rel=\\\"noopener noreferrer\\\" target=\\\"_blank\\\" style=\\\"color: rgb(19, 110, 194);\\\">陈炯明</a>进行<a href=\\\"https://baike.baidu.com/item/%E7%AC%AC%E4%B8%80%E6%AC%A1%E4%B8%9C%E5%BE%81/4480264?fromModule=lemma_inlink\\\" ','{\"msg\":\"操作成功\",\"code\":200}',0,NULL,'2024-06-30 15:17:59'),(277,'文章管理',1,'com.ruoyi.cms.blog.controller.CmsBlogController.add()','POST',1,'admin',NULL,'/cms/blog','127.0.0.1','内网IP','{\"tagIds\":[26],\"title\":\"国共十年对峙\",\"type\":\"1\",\"content\":\"<p>\\t“四一二”反革命政变后，蒋介石在南京建立国民政府。1928年，国民政府举行“北伐”，占领北京，奉系军阀<a href=\\\"https://baike.baidu.com/item/%E5%BC%A0%E4%BD%9C%E9%9C%96/136370?fromModule=lemma_inlink\\\" rel=\\\"noopener noreferrer\\\" target=\\\"_blank\\\" style=\\\"color: rgb(19, 110, 194);\\\">张作霖</a>退到关外，在<a href=\\\"https://baike.baidu.com/item/%E7%9A%87%E5%A7%91%E5%B1%AF/4145917?fromModule=lemma_inlink\\\" rel=\\\"noopener noreferrer\\\" target=\\\"_blank\\\" style=\\\"color: rgb(19, 110, 194);\\\">皇姑屯</a>被日本<a href=\\\"https://baike.baidu.com/item/%E5%85%B3%E4%B8%9C%E5%86%9B/9847?fromModule=lemma_inlink\\\" rel=\\\"noopener noreferrer\\\" target=\\\"_blank\\\" style=\\\"color: rgb(19, 110, 194);\\\">关东军</a>阴谋炸死。年底，<a href=\\\"https://baike.baidu.com/item/%E5%BC%A0%E5%AD%A6%E8%89%AF/385?fromModule=lemma_inlink\\\" rel=\\\"noopener noreferrer\\\" target=\\\"_blank\\\" style=\\\"color: rgb(19, 110, 194);\\\">张学良</a>宣布“<a href=\\\"https://baike.baidu.com/item/%E4%B8%9C%E5%8C%97%E6%98%93%E5%B8%9C/283511?fromModule=lemma_inlink\\\" rel=\\\"noopener noreferrer\\\" target=\\\"_blank\\\" style=\\\"color: rgb(19, 110, 194);\\\">东北易帜</a>”，服从国民政府。国民政府形式上统一了全国。但国民党新军阀间连年混战给人民带来极大灾难。在国民政府统治下，“<a href=\\\"https://baike.baidu.com/item/%E5%9B%9B%E5%A4%A7%E5%AE%B6%E6%97%8F/861?fromModule=lemma_inlink\\\" rel=\\\"noopener noreferrer\\\" target=\\\"_blank\\\" style=\\\"color: rgb(19, 110, 194);\\\">四大家族</a>”凭借国家政权迅速聚敛巨额财富，成为中国官僚买办资产阶级的代表。</p><p>\\t中国共产党人没有被国民党反动派的屠杀吓倒，1927年召开<a href=\\\"https://baike.baidu.com/item/%E2%80%9C%E5%85%AB%E4%B8%83%E2%80%9D%E4%BC%9A%E8%AE%AE/6434658?fromModule=lemma_inlink\\\" rel=\\\"noopener noreferrer\\\" target=\\\"_blank\\\" style=\\\"color: rgb(19, 110, 194);\\\">“八七”会议</a>，纠正了右倾投降主义错误，发动了<a href=\\\"https://baike.baidu.com/item/%E5%8D%97%E6%98%8C%E8%B5%B7%E4%B9%89/292100?fromModule=lemma_inlink\\\" rel=\\\"noopener noreferrer\\\" target=\\\"_blank\\\" style=\\\"color: rgb(19, 110, 194);\\\">南昌起义</a>、<a href=\\\"https://baike.baidu.com/item/%E7%A7%8B%E6%94%B6%E8%B5%B7%E4%B9%89/3177?fromModule=lemma_inlink\\\" rel=\\\"noopener noreferrer\\\" target=\\\"_blank\\\" style=\\\"col','{\"msg\":\"操作成功\",\"code\":200,\"data\":24}',0,NULL,'2024-06-30 15:18:46'),(278,'文章管理',1,'com.ruoyi.cms.blog.controller.CmsBlogController.add()','POST',1,'admin',NULL,'/cms/blog','127.0.0.1','内网IP','{\"tagIds\":[26],\"title\":\"抗日战争\",\"type\":\"1\",\"content\":\"<p>\\t1931年，日本侵略者在中国沈阳制造了震惊中外的“<a href=\\\"https://baike.baidu.com/item/%E4%B9%9D%E4%B8%80%E5%85%AB%E4%BA%8B%E5%8F%98/632843?fromModule=lemma_inlink\\\" rel=\\\"noopener noreferrer\\\" target=\\\"_blank\\\" style=\\\"color: rgb(19, 110, 194);\\\">九一八事变</a>”，挑起侵华战争。由于国民党政府和东北军政当局奉行<a href=\\\"https://baike.baidu.com/item/%E2%80%9C%E4%B8%8D%E6%8A%B5%E6%8A%97%E2%80%9D%E6%94%BF%E7%AD%96/2498245?fromModule=lemma_inlink\\\" rel=\\\"noopener noreferrer\\\" target=\\\"_blank\\\" style=\\\"color: rgb(19, 110, 194);\\\">“不抵抗”政策</a>，在不到半年的时间内，东北三省全境沦陷。此后，日本侵略者不断在中国华北、华东等地制造事端，扩张势力。在中华民族生死存亡关头，全国各界群众掀起声势浩大的抗日救亡怒潮，中国进入艰难的局部抗战时期。</p><p>\\t1935年，日本帝国主义为侵占中国华北而蓄意制造了一连串事件，总称“<a href=\\\"https://baike.baidu.com/item/%E5%8D%8E%E5%8C%97%E4%BA%8B%E5%8F%98/25695?fromModule=lemma_inlink\\\" rel=\\\"noopener noreferrer\\\" target=\\\"_blank\\\" style=\\\"color: rgb(19, 110, 194);\\\">华北事变</a>”。大批日本关东军入关，制造事端，挑起冲突，威逼平津。12月，中共中央在<a href=\\\"https://baike.baidu.com/item/%E7%93%A6%E7%AA%91%E5%A0%A1/5412430?fromModule=lemma_inlink\\\" rel=\\\"noopener noreferrer\\\" target=\\\"_blank\\\" style=\\\"color: rgb(19, 110, 194);\\\">瓦窑堡</a>召开政治局扩大会议，制定了抗日民族统一战线的策略方针。</p><p>\\t1937年7月7日，日军中国驻屯军一部制造“<a href=\\\"https://baike.baidu.com/item/%E5%8D%A2%E6%B2%9F%E6%A1%A5%E4%BA%8B%E5%8F%98/656267?fromModule=lemma_inlink\\\" rel=\\\"noopener noreferrer\\\" target=\\\"_blank\\\" style=\\\"color: rgb(19, 110, 194);\\\">卢沟桥事变</a>”，中国军队奋起还击，全国抗日战争爆发。8月13日，日军在上海制造“虹桥机场事变”，蓄意扩大侵华战争规模，国民政府被迫对日作战，<a href=\\\"https://baike.baidu.com/item/%E2%80%9C%E5%85%AB%E4%B8%80%E4%B8%89%E2%80%9D%E6%B7%9E%E6%B2%AA%E4%BC%9A%E6%88%98/3741104?fromModule=lemma_inlink\\\" rel=\\\"noopener noreferrer\\\" target=\\\"_blank\\\" style=\\\"color: rgb(19, 110, 194);\\\">“八一三”淞沪会战</a>爆发。9月下旬，国民党中央通讯社公布《<a href=\\\"https://baike.baidu.com/item/%E4%B8%AD%E5%85%B1%E4%B8%AD%E5%A4%AE%E4%B8%BA%E5%85%AC%E5%B8%83%E5%9B%BD%E5%85%B1%E5%90%88%E4%BD%9C%E5%AE%A3%E8%A8%80/2382837?fromModule=lemma_inlink\\\" rel=\\\"noopener noreferrer\\\" target=\\\"_blank\\\" style=\\\"color: rgb(19, 110, 194);\\\">中共中央为公布国共合作宣言</a>》','{\"msg\":\"操作成功\",\"code\":200,\"data\":25}',0,NULL,'2024-06-30 15:19:23'),(279,'文章管理',1,'com.ruoyi.cms.blog.controller.CmsBlogController.add()','POST',1,'admin',NULL,'/cms/blog','127.0.0.1','内网IP','{\"tagIds\":[26],\"title\":\"解放战争\",\"type\":\"1\",\"content\":\"<p>\\t抗日战争胜利后，为了争取国内和平，1945年8月底，毛泽东亲赴重庆同国民党进行谈判。10月10日，国共双方代表签订了《政府与中共代表会谈纪要》，即《<a href=\\\"https://baike.baidu.com/item/%E5%8F%8C%E5%8D%81%E5%8D%8F%E5%AE%9A/1261372?fromModule=lemma_inlink\\\" rel=\\\"noopener noreferrer\\\" target=\\\"_blank\\\" style=\\\"color: rgb(19, 110, 194);\\\">双十协定</a>》。但是，在谈判期间，国民党派军队向解放区发起进攻，被解放区军民打退，国共双方代表签订停战协定。1946年1月，政治协商会议在重庆召开。</p><p>\\t1946年夏，国民党军队在美国支持下向解放区发动进攻，全面内战爆发。</p><p>\\t从1946年夏到1947年6月，人民解放军粉碎了国民党军队的全面进攻和<a href=\\\"https://baike.baidu.com/item/%E9%87%8D%E7%82%B9%E8%BF%9B%E6%94%BB/4224793?fromModule=lemma_inlink\\\" rel=\\\"noopener noreferrer\\\" target=\\\"_blank\\\" style=\\\"color: rgb(19, 110, 194);\\\">重点进攻</a>。1947年6月底，人民解放军开始了全国性的反攻。从1948年9月到1949年1月，人民解放军先后发动了<a href=\\\"https://baike.baidu.com/item/%E8%BE%BD%E6%B2%88%E6%88%98%E5%BD%B9/1295?fromModule=lemma_inlink\\\" rel=\\\"noopener noreferrer\\\" target=\\\"_blank\\\" style=\\\"color: rgb(19, 110, 194);\\\">辽沈战役</a>、<a href=\\\"https://baike.baidu.com/item/%E6%B7%AE%E6%B5%B7%E6%88%98%E5%BD%B9/287777?fromModule=lemma_inlink\\\" rel=\\\"noopener noreferrer\\\" target=\\\"_blank\\\" style=\\\"color: rgb(19, 110, 194);\\\">淮海战役</a>、<a href=\\\"https://baike.baidu.com/item/%E5%B9%B3%E6%B4%A5%E6%88%98%E5%BD%B9/293970?fromModule=lemma_inlink\\\" rel=\\\"noopener noreferrer\\\" target=\\\"_blank\\\" style=\\\"color: rgb(19, 110, 194);\\\">平津战役</a>三大战役，基本上消灭了国民党军队的主力，加速了人民解放战争在全国的胜利。1949年4月，人民解放军渡江作战，23日解放南京，推翻了国民党的统治。</p><p>\\t1949年1月底，北平宣布和平解放。9月，<a href=\\\"https://baike.baidu.com/item/%E4%B8%AD%E5%9B%BD%E4%BA%BA%E6%B0%91%E6%94%BF%E6%B2%BB%E5%8D%8F%E5%95%86%E4%BC%9A%E8%AE%AE%E7%AC%AC%E4%B8%80%E5%B1%8A%E5%85%A8%E4%BD%93%E4%BC%9A%E8%AE%AE/4416759?fromModule=lemma_inlink\\\" rel=\\\"noopener noreferrer\\\" target=\\\"_blank\\\" style=\\\"color: rgb(19, 110, 194);\\\">中国人民政治协商会议第一届全体会议</a>在北平召开，会议通过了《<a href=\\\"https://baike.baidu.com/item/%E4%B8%AD%E5%9B%BD%E4%BA%BA%E6%B0%91%E6%94%BF%E6%B2%BB%E5%8D%8F%E5%95%86%E4%BC%9A%E8%AE%AE%E5%85%B1%E5%90%8C%E7%BA%B2%E9%A2%86/7789983?fromModule=lemma_inlink\\\" rel=\\\"noopener norefe','{\"msg\":\"操作成功\",\"code\":200,\"data\":26}',0,NULL,'2024-06-30 15:20:10'),(280,'文章管理',3,'com.ruoyi.cms.blog.controller.CmsBlogController.remove()','DELETE',1,'admin',NULL,'/cms/blog/18','127.0.0.1','内网IP','{ids=18}','{\"msg\":\"操作成功\",\"code\":200}',0,NULL,'2024-06-30 15:21:43'),(281,'文章管理',3,'com.ruoyi.cms.blog.controller.CmsBlogController.remove()','DELETE',1,'admin',NULL,'/cms/blog/17','127.0.0.1','内网IP','{ids=17}','{\"msg\":\"操作成功\",\"code\":200}',0,NULL,'2024-06-30 15:21:45'),(282,'评论管理',3,'com.ruoyi.cms.comment.controller.CmsCommentController.remove()','DELETE',1,'admin',NULL,'/cms/comment/7','127.0.0.1','内网IP','{ids=7}','{\"msg\":\"操作成功\",\"code\":200}',0,NULL,'2024-06-30 15:23:15'),(283,'评论管理',3,'com.ruoyi.cms.comment.controller.CmsCommentController.remove()','DELETE',1,'admin',NULL,'/cms/comment/6','127.0.0.1','内网IP','{ids=6}','{\"msg\":\"操作成功\",\"code\":200}',0,NULL,'2024-06-30 15:23:17'),(284,'评论管理',3,'com.ruoyi.cms.comment.controller.CmsCommentController.remove()','DELETE',1,'admin',NULL,'/cms/comment/5','127.0.0.1','内网IP','{ids=5}','{\"msg\":\"操作成功\",\"code\":200}',0,NULL,'2024-06-30 15:23:32'),(285,'评论管理',3,'com.ruoyi.cms.comment.controller.CmsCommentController.remove()','DELETE',1,'admin',NULL,'/cms/comment/4','127.0.0.1','内网IP','{ids=4}','{\"msg\":\"操作成功\",\"code\":200}',0,NULL,'2024-06-30 15:23:34'),(286,'评论管理',3,'com.ruoyi.cms.comment.controller.CmsCommentController.remove()','DELETE',1,'admin',NULL,'/cms/comment/3','127.0.0.1','内网IP','{ids=3}','{\"msg\":\"操作成功\",\"code\":200}',0,NULL,'2024-06-30 15:23:38'),(287,'评论管理',3,'com.ruoyi.cms.comment.controller.CmsCommentController.remove()','DELETE',1,'admin',NULL,'/cms/comment/2','127.0.0.1','内网IP','{ids=2}','{\"msg\":\"操作成功\",\"code\":200}',0,NULL,'2024-06-30 15:23:41'),(288,'评论管理',3,'com.ruoyi.cms.comment.controller.CmsCommentController.remove()','DELETE',1,'admin',NULL,'/cms/comment/1','127.0.0.1','内网IP','{ids=1}','{\"msg\":\"操作成功\",\"code\":200}',0,NULL,'2024-06-30 15:23:43'),(289,'评论管理',3,'com.ruoyi.cms.comment.controller.CmsCommentController.remove()','DELETE',1,'admin',NULL,'/cms/comment/8','127.0.0.1','内网IP','{ids=8}','{\"msg\":\"操作成功\",\"code\":200}',0,NULL,'2024-06-30 15:24:15');

/*Table structure for table `sys_post` */

DROP TABLE IF EXISTS `sys_post`;

CREATE TABLE `sys_post` (
  `post_id` bigint NOT NULL AUTO_INCREMENT COMMENT '岗位ID',
  `post_code` varchar(64) CHARACTER SET utf8mb4 COLLATE utf8mb4_general_ci NOT NULL COMMENT '岗位编码',
  `post_name` varchar(50) CHARACTER SET utf8mb4 COLLATE utf8mb4_general_ci NOT NULL COMMENT '岗位名称',
  `post_sort` int NOT NULL COMMENT '显示顺序',
  `status` char(1) CHARACTER SET utf8mb4 COLLATE utf8mb4_general_ci NOT NULL COMMENT '状态（0正常 1停用）',
  `create_by` varchar(64) CHARACTER SET utf8mb4 COLLATE utf8mb4_general_ci DEFAULT '' COMMENT '创建者',
  `create_time` datetime DEFAULT NULL COMMENT '创建时间',
  `update_by` varchar(64) CHARACTER SET utf8mb4 COLLATE utf8mb4_general_ci DEFAULT '' COMMENT '更新者',
  `update_time` datetime DEFAULT NULL COMMENT '更新时间',
  `remark` varchar(500) CHARACTER SET utf8mb4 COLLATE utf8mb4_general_ci DEFAULT NULL COMMENT '备注',
  PRIMARY KEY (`post_id`) USING BTREE
) ENGINE=InnoDB AUTO_INCREMENT=5 DEFAULT CHARSET=utf8mb4 COLLATE=utf8mb4_general_ci ROW_FORMAT=DYNAMIC COMMENT='岗位信息表';

/*Data for the table `sys_post` */

insert  into `sys_post`(`post_id`,`post_code`,`post_name`,`post_sort`,`status`,`create_by`,`create_time`,`update_by`,`update_time`,`remark`) values (1,'ceo','董事长',1,'0','admin','2021-12-10 14:12:14','',NULL,''),(2,'se','项目经理',2,'0','admin','2021-12-10 14:12:14','',NULL,''),(3,'hr','人力资源',3,'0','admin','2021-12-10 14:12:14','',NULL,''),(4,'user','普通员工',4,'0','admin','2021-12-10 14:12:14','',NULL,'');

/*Table structure for table `sys_role` */

DROP TABLE IF EXISTS `sys_role`;

CREATE TABLE `sys_role` (
  `role_id` bigint NOT NULL AUTO_INCREMENT COMMENT '角色ID',
  `role_name` varchar(30) CHARACTER SET utf8mb4 COLLATE utf8mb4_general_ci NOT NULL COMMENT '角色名称',
  `role_key` varchar(100) CHARACTER SET utf8mb4 COLLATE utf8mb4_general_ci NOT NULL COMMENT '角色权限字符串',
  `role_sort` int NOT NULL COMMENT '显示顺序',
  `data_scope` char(1) CHARACTER SET utf8mb4 COLLATE utf8mb4_general_ci DEFAULT '1' COMMENT '数据范围（1：全部数据权限 2：自定数据权限 3：本部门数据权限 4：本部门及以下数据权限）',
  `menu_check_strictly` tinyint(1) DEFAULT '1' COMMENT '菜单树选择项是否关联显示',
  `dept_check_strictly` tinyint(1) DEFAULT '1' COMMENT '部门树选择项是否关联显示',
  `status` char(1) CHARACTER SET utf8mb4 COLLATE utf8mb4_general_ci NOT NULL COMMENT '角色状态（0正常 1停用）',
  `del_flag` char(1) CHARACTER SET utf8mb4 COLLATE utf8mb4_general_ci DEFAULT '0' COMMENT '删除标志（0代表存在 2代表删除）',
  `create_by` varchar(64) CHARACTER SET utf8mb4 COLLATE utf8mb4_general_ci DEFAULT '' COMMENT '创建者',
  `create_time` datetime DEFAULT NULL COMMENT '创建时间',
  `update_by` varchar(64) CHARACTER SET utf8mb4 COLLATE utf8mb4_general_ci DEFAULT '' COMMENT '更新者',
  `update_time` datetime DEFAULT NULL COMMENT '更新时间',
  `remark` varchar(500) CHARACTER SET utf8mb4 COLLATE utf8mb4_general_ci DEFAULT NULL COMMENT '备注',
  PRIMARY KEY (`role_id`) USING BTREE
) ENGINE=InnoDB AUTO_INCREMENT=4 DEFAULT CHARSET=utf8mb4 COLLATE=utf8mb4_general_ci ROW_FORMAT=DYNAMIC COMMENT='角色信息表';

/*Data for the table `sys_role` */

insert  into `sys_role`(`role_id`,`role_name`,`role_key`,`role_sort`,`data_scope`,`menu_check_strictly`,`dept_check_strictly`,`status`,`del_flag`,`create_by`,`create_time`,`update_by`,`update_time`,`remark`) values (1,'超级管理员','admin',1,'1',1,1,'0','0','admin','2021-12-10 14:12:14','',NULL,'超级管理员'),(2,'普通用户','common',2,'2',1,1,'0','0','admin','2021-12-10 14:12:14','admin','2024-06-13 23:24:47','普通角色'),(3,'内容管理员角色','cms',3,'1',1,1,'0','2','admin','2022-01-04 00:32:39','admin','2022-01-21 10:27:52',NULL);

/*Table structure for table `sys_role_dept` */

DROP TABLE IF EXISTS `sys_role_dept`;

CREATE TABLE `sys_role_dept` (
  `role_id` bigint NOT NULL COMMENT '角色ID',
  `dept_id` bigint NOT NULL COMMENT '部门ID',
  PRIMARY KEY (`role_id`,`dept_id`) USING BTREE
) ENGINE=InnoDB DEFAULT CHARSET=utf8mb4 COLLATE=utf8mb4_general_ci ROW_FORMAT=DYNAMIC COMMENT='角色和部门关联表';

/*Data for the table `sys_role_dept` */

insert  into `sys_role_dept`(`role_id`,`dept_id`) values (2,100),(2,101),(2,105);

/*Table structure for table `sys_role_menu` */

DROP TABLE IF EXISTS `sys_role_menu`;

CREATE TABLE `sys_role_menu` (
  `role_id` bigint NOT NULL COMMENT '角色ID',
  `menu_id` bigint NOT NULL COMMENT '菜单ID',
  PRIMARY KEY (`role_id`,`menu_id`) USING BTREE
) ENGINE=InnoDB DEFAULT CHARSET=utf8mb4 COLLATE=utf8mb4_general_ci ROW_FORMAT=DYNAMIC COMMENT='角色和菜单关联表';

/*Data for the table `sys_role_menu` */

insert  into `sys_role_menu`(`role_id`,`menu_id`) values (2,1),(2,4),(2,107),(2,1036),(2,2007),(2,2032),(2,2033),(2,2034),(2,2035),(2,2036),(2,2037),(2,2038),(2,2039),(2,2040),(2,2041),(2,2042),(2,2043),(2,2062),(2,2063),(2,2064),(2,2065),(2,2066),(2,2067),(2,2068),(2,2069),(2,2070),(2,2071),(2,2072),(2,2073);

/*Table structure for table `sys_user` */

DROP TABLE IF EXISTS `sys_user`;

CREATE TABLE `sys_user` (
  `user_id` bigint NOT NULL AUTO_INCREMENT COMMENT '用户ID',
  `dept_id` bigint DEFAULT NULL COMMENT '部门ID',
  `user_name` varchar(30) CHARACTER SET utf8mb4 COLLATE utf8mb4_general_ci NOT NULL COMMENT '用户账号',
  `nick_name` varchar(30) CHARACTER SET utf8mb4 COLLATE utf8mb4_general_ci NOT NULL COMMENT '用户昵称',
  `user_type` varchar(2) CHARACTER SET utf8mb4 COLLATE utf8mb4_general_ci DEFAULT '00' COMMENT '用户类型（00系统用户）',
  `email` varchar(50) CHARACTER SET utf8mb4 COLLATE utf8mb4_general_ci DEFAULT '' COMMENT '用户邮箱',
  `phonenumber` varchar(11) CHARACTER SET utf8mb4 COLLATE utf8mb4_general_ci DEFAULT '' COMMENT '手机号码',
  `sex` char(1) CHARACTER SET utf8mb4 COLLATE utf8mb4_general_ci DEFAULT '0' COMMENT '用户性别（0男 1女 2未知）',
  `avatar` varchar(100) CHARACTER SET utf8mb4 COLLATE utf8mb4_general_ci DEFAULT '' COMMENT '头像地址',
  `password` varchar(100) CHARACTER SET utf8mb4 COLLATE utf8mb4_general_ci DEFAULT '' COMMENT '密码',
  `status` char(1) CHARACTER SET utf8mb4 COLLATE utf8mb4_general_ci DEFAULT '0' COMMENT '帐号状态（0正常 1停用）',
  `del_flag` char(1) CHARACTER SET utf8mb4 COLLATE utf8mb4_general_ci DEFAULT '0' COMMENT '删除标志（0代表存在 2代表删除）',
  `login_ip` varchar(128) CHARACTER SET utf8mb4 COLLATE utf8mb4_general_ci DEFAULT '' COMMENT '最后登录IP',
  `login_date` datetime DEFAULT NULL COMMENT '最后登录时间',
  `create_by` varchar(64) CHARACTER SET utf8mb4 COLLATE utf8mb4_general_ci DEFAULT '' COMMENT '创建者',
  `create_time` datetime DEFAULT NULL COMMENT '创建时间',
  `update_by` varchar(64) CHARACTER SET utf8mb4 COLLATE utf8mb4_general_ci DEFAULT '' COMMENT '更新者',
  `update_time` datetime DEFAULT NULL COMMENT '更新时间',
  `remark` varchar(500) CHARACTER SET utf8mb4 COLLATE utf8mb4_general_ci DEFAULT NULL COMMENT '备注',
  PRIMARY KEY (`user_id`) USING BTREE
) ENGINE=InnoDB AUTO_INCREMENT=5 DEFAULT CHARSET=utf8mb4 COLLATE=utf8mb4_general_ci ROW_FORMAT=DYNAMIC COMMENT='用户信息表';

/*Data for the table `sys_user` */

insert  into `sys_user`(`user_id`,`dept_id`,`user_name`,`nick_name`,`user_type`,`email`,`phonenumber`,`sex`,`avatar`,`password`,`status`,`del_flag`,`login_ip`,`login_date`,`create_by`,`create_time`,`update_by`,`update_time`,`remark`) values (1,103,'admin','admin','00','ry@163.com','15888888888','0','/profile/avatar/2023/10/13/f5d5e34e-07ec-4582-b337-754d2eb7c5c8.jpeg','$2a$10$E34Gbl1Bsh7NwqAhxobCMOG7M2oxZfxGELFf2FfKgwV1CXKQObbMS','0','0','127.0.0.1','2024-06-30 22:37:25','admin','2021-12-10 14:12:14','','2024-06-30 22:37:24','管理员'),(2,105,'yuanren','源人','00','ry@qq.com','15666666666','1','','$2a$10$E34Gbl1Bsh7NwqAhxobCMOG7M2oxZfxGELFf2FfKgwV1CXKQObbMS','0','0','127.0.0.1','2024-06-13 23:27:31','admin','2021-12-10 14:12:14','admin','2024-06-13 23:27:31','测试员'),(3,NULL,'lixinyuan','lixinyuan','00','','','0','','$2a$10$E34Gbl1Bsh7NwqAhxobCMOG7M2oxZfxGELFf2FfKgwV1CXKQObbMS','0','0','127.0.0.1','2023-10-13 08:25:30','','2023-10-13 08:25:10','','2023-10-13 08:25:30',NULL),(4,NULL,'源人','源人','00','','','0','','$2a$10$CMOcuryhLeq5mQyITD7QROFQzQYI3Dw8YmywIJnjjPY/Pwy.zccki','0','0','',NULL,'','2024-04-11 18:07:58','',NULL,NULL);

/*Table structure for table `sys_user_post` */

DROP TABLE IF EXISTS `sys_user_post`;

CREATE TABLE `sys_user_post` (
  `user_id` bigint NOT NULL COMMENT '用户ID',
  `post_id` bigint NOT NULL COMMENT '岗位ID',
  PRIMARY KEY (`user_id`,`post_id`) USING BTREE
) ENGINE=InnoDB DEFAULT CHARSET=utf8mb4 COLLATE=utf8mb4_general_ci ROW_FORMAT=DYNAMIC COMMENT='用户与岗位关联表';

/*Data for the table `sys_user_post` */

insert  into `sys_user_post`(`user_id`,`post_id`) values (1,1),(2,2);

/*Table structure for table `sys_user_role` */

DROP TABLE IF EXISTS `sys_user_role`;

CREATE TABLE `sys_user_role` (
  `user_id` bigint NOT NULL COMMENT '用户ID',
  `role_id` bigint NOT NULL COMMENT '角色ID',
  PRIMARY KEY (`user_id`,`role_id`) USING BTREE
) ENGINE=InnoDB DEFAULT CHARSET=utf8mb4 COLLATE=utf8mb4_general_ci ROW_FORMAT=DYNAMIC COMMENT='用户和角色关联表';

/*Data for the table `sys_user_role` */

insert  into `sys_user_role`(`user_id`,`role_id`) values (1,1),(2,2);

/*!40101 SET SQL_MODE=@OLD_SQL_MODE */;
/*!40014 SET FOREIGN_KEY_CHECKS=@OLD_FOREIGN_KEY_CHECKS */;
/*!40014 SET UNIQUE_CHECKS=@OLD_UNIQUE_CHECKS */;
/*!40111 SET SQL_NOTES=@OLD_SQL_NOTES */;
